"group","reference","band","band_label","from_class","category_label","n_cells","area_ha","pct_of_band_class"
"bulk","water_core",1,"core","Water","stable",591901,5919.01,100
"bulk","water_core",2,"0-10","Bare Ground","break_endpoint",2252,22.52,59.34
"bulk","water_core",2,"0-10","Bare Ground","break_sustained",30,0.3,0.79
"bulk","water_core",2,"0-10","Bare Ground","stable_flicker",19,0.19,0.5
"bulk","water_core",2,"0-10","Bare Ground","unsettled",1494,14.94,39.37
"bulk","water_core",2,"0-10","Built Area","break_endpoint",22,0.22,10.14
"bulk","water_core",2,"0-10","Built Area","break_sustained",33,0.33,15.21
"bulk","water_core",2,"0-10","Built Area","stable",13,0.13,5.99
"bulk","water_core",2,"0-10","Built Area","stable_flicker",84,0.84,38.71
"bulk","water_core",2,"0-10","Built Area","unsettled",65,0.65,29.95
"bulk","water_core",2,"0-10","Clouds","break_endpoint",32,0.32,32.65
"bulk","water_core",2,"0-10","Clouds","unsettled",66,0.66,67.35
"bulk","water_core",2,"0-10","Crops","break_endpoint",21,0.21,7.87
"bulk","water_core",2,"0-10","Crops","break_sustained",15,0.15,5.62
"bulk","water_core",2,"0-10","Crops","stable_flicker",25,0.25,9.36
"bulk","water_core",2,"0-10","Crops","unsettled",206,2.06,77.15
"bulk","water_core",2,"0-10","Flooded Vegetation","break_endpoint",23,0.23,53.49
"bulk","water_core",2,"0-10","Flooded Vegetation","unsettled",20,0.2,46.51
"bulk","water_core",2,"0-10","Rangeland","break_endpoint",1669,16.69,46.45
"bulk","water_core",2,"0-10","Rangeland","break_sustained",140,1.4,3.9
"bulk","water_core",2,"0-10","Rangeland","stable",37,0.37,1.03
"bulk","water_core",2,"0-10","Rangeland","stable_flicker",326,3.26,9.07
"bulk","water_core",2,"0-10","Rangeland","unsettled",1421,14.21,39.55
"bulk","water_core",2,"0-10","Snow/Ice","break_endpoint",102,1.02,21.21
"bulk","water_core",2,"0-10","Snow/Ice","unsettled",379,3.79,78.79
"bulk","water_core",2,"0-10","Trees","break_endpoint",3603,36.03,24.74
"bulk","water_core",2,"0-10","Trees","break_sustained",1802,18.02,12.37
"bulk","water_core",2,"0-10","Trees","stable",1225,12.25,8.41
"bulk","water_core",2,"0-10","Trees","stable_flicker",3636,36.36,24.97
"bulk","water_core",2,"0-10","Trees","unsettled",4297,42.97,29.51
"bulk","water_core",2,"0-10","Water","break_endpoint",7398,73.98,33.05
"bulk","water_core",2,"0-10","Water","break_sustained",1939,19.39,8.66
"bulk","water_core",2,"0-10","Water","stable_flicker",10890,108.9,48.65
"bulk","water_core",2,"0-10","Water","unsettled",2156,21.56,9.63
"bulk","water_core",3,"10-30","Bare Ground","break_endpoint",2190,21.9,45.59
"bulk","water_core",3,"10-30","Bare Ground","break_sustained",56,0.56,1.17
"bulk","water_core",3,"10-30","Bare Ground","stable",47,0.47,0.98
"bulk","water_core",3,"10-30","Bare Ground","stable_flicker",190,1.9,3.96
"bulk","water_core",3,"10-30","Bare Ground","unsettled",2321,23.21,48.31
"bulk","water_core",3,"10-30","Built Area","break_endpoint",116,1.16,8.03
"bulk","water_core",3,"10-30","Built Area","break_sustained",14,0.14,0.97
"bulk","water_core",3,"10-30","Built Area","stable",681,6.81,47.16
"bulk","water_core",3,"10-30","Built Area","stable_flicker",467,4.67,32.34
"bulk","water_core",3,"10-30","Built Area","unsettled",166,1.66,11.5
"bulk","water_core",3,"10-30","Clouds","break_endpoint",4,0.04,10.26
"bulk","water_core",3,"10-30","Clouds","unsettled",35,0.35,89.74
"bulk","water_core",3,"10-30","Crops","break_endpoint",164,1.64,10.07
"bulk","water_core",3,"10-30","Crops","break_sustained",414,4.14,25.43
"bulk","water_core",3,"10-30","Crops","stable",93,0.93,5.71
"bulk","water_core",3,"10-30","Crops","stable_flicker",335,3.35,20.58
"bulk","water_core",3,"10-30","Crops","unsettled",622,6.22,38.21
"bulk","water_core",3,"10-30","Flooded Vegetation","break_endpoint",12,0.12,9.09
"bulk","water_core",3,"10-30","Flooded Vegetation","stable",5,0.05,3.79
"bulk","water_core",3,"10-30","Flooded Vegetation","stable_flicker",16,0.16,12.12
"bulk","water_core",3,"10-30","Flooded Vegetation","unsettled",99,0.99,75
"bulk","water_core",3,"10-30","Rangeland","break_endpoint",1869,18.69,19
"bulk","water_core",3,"10-30","Rangeland","break_sustained",365,3.65,3.71
"bulk","water_core",3,"10-30","Rangeland","stable",2631,26.31,26.75
"bulk","water_core",3,"10-30","Rangeland","stable_flicker",2347,23.47,23.86
"bulk","water_core",3,"10-30","Rangeland","unsettled",2625,26.25,26.68
"bulk","water_core",3,"10-30","Snow/Ice","break_endpoint",91,0.91,9.75
"bulk","water_core",3,"10-30","Snow/Ice","unsettled",842,8.42,90.25
"bulk","water_core",3,"10-30","Trees","break_endpoint",5965,59.65,11.11
"bulk","water_core",3,"10-30","Trees","break_sustained",1627,16.27,3.03
"bulk","water_core",3,"10-30","Trees","stable",33073,330.73,61.59
"bulk","water_core",3,"10-30","Trees","stable_flicker",8012,80.12,14.92
"bulk","water_core",3,"10-30","Trees","unsettled",5019,50.19,9.35
"bulk","water_core",3,"10-30","Water","break_endpoint",1819,18.19,21.17
"bulk","water_core",3,"10-30","Water","break_sustained",1290,12.9,15.01
"bulk","water_core",3,"10-30","Water","stable_flicker",2469,24.69,28.74
"bulk","water_core",3,"10-30","Water","unsettled",3014,30.14,35.08
"bulk","water_core",4,"30-50","Bare Ground","break_endpoint",1258,12.58,53.49
"bulk","water_core",4,"30-50","Bare Ground","break_sustained",42,0.42,1.79
"bulk","water_core",4,"30-50","Bare Ground","stable",84,0.84,3.57
"bulk","water_core",4,"30-50","Bare Ground","stable_flicker",112,1.12,4.76
"bulk","water_core",4,"30-50","Bare Ground","unsettled",856,8.56,36.39
"bulk","water_core",4,"30-50","Built Area","break_endpoint",16,0.16,1.1
"bulk","water_core",4,"30-50","Built Area","break_sustained",9,0.09,0.62
"bulk","water_core",4,"30-50","Built Area","stable",1043,10.43,71.68
"bulk","water_core",4,"30-50","Built Area","stable_flicker",281,2.81,19.31
"bulk","water_core",4,"30-50","Built Area","unsettled",106,1.06,7.29
"bulk","water_core",4,"30-50","Clouds","unsettled",7,0.07,100
"bulk","water_core",4,"30-50","Crops","break_endpoint",132,1.32,6.8
"bulk","water_core",4,"30-50","Crops","break_sustained",622,6.22,32.06
"bulk","water_core",4,"30-50","Crops","stable",329,3.29,16.96
"bulk","water_core",4,"30-50","Crops","stable_flicker",492,4.92,25.36
"bulk","water_core",4,"30-50","Crops","unsettled",365,3.65,18.81
"bulk","water_core",4,"30-50","Flooded Vegetation","break_endpoint",21,0.21,17.8
"bulk","water_core",4,"30-50","Flooded Vegetation","break_sustained",6,0.06,5.08
"bulk","water_core",4,"30-50","Flooded Vegetation","stable",5,0.05,4.24
"bulk","water_core",4,"30-50","Flooded Vegetation","stable_flicker",23,0.23,19.49
"bulk","water_core",4,"30-50","Flooded Vegetation","unsettled",63,0.63,53.39
"bulk","water_core",4,"30-50","Rangeland","break_endpoint",1318,13.18,11.85
"bulk","water_core",4,"30-50","Rangeland","break_sustained",285,2.85,2.56
"bulk","water_core",4,"30-50","Rangeland","stable",5064,50.64,45.52
"bulk","water_core",4,"30-50","Rangeland","stable_flicker",2670,26.7,24
"bulk","water_core",4,"30-50","Rangeland","unsettled",1789,17.89,16.08
"bulk","water_core",4,"30-50","Snow/Ice","break_endpoint",48,0.48,9.16
"bulk","water_core",4,"30-50","Snow/Ice","unsettled",476,4.76,90.84
"bulk","water_core",4,"30-50","Trees","break_endpoint",1921,19.21,3.61
"bulk","water_core",4,"30-50","Trees","break_sustained",827,8.27,1.55
"bulk","water_core",4,"30-50","Trees","stable",43757,437.57,82.16
"bulk","water_core",4,"30-50","Trees","stable_flicker",3735,37.35,7.01
"bulk","water_core",4,"30-50","Trees","unsettled",3021,30.21,5.67
"bulk","water_core",4,"30-50","Water","break_endpoint",209,2.09,11.55
"bulk","water_core",4,"30-50","Water","break_sustained",138,1.38,7.62
"bulk","water_core",4,"30-50","Water","stable_flicker",742,7.42,40.99
"bulk","water_core",4,"30-50","Water","unsettled",721,7.21,39.83
"bulk","water_core",5,"50-100","Bare Ground","break_endpoint",2014,20.14,59.48
"bulk","water_core",5,"50-100","Bare Ground","break_sustained",54,0.54,1.59
"bulk","water_core",5,"50-100","Bare Ground","stable",31,0.31,0.92
"bulk","water_core",5,"50-100","Bare Ground","stable_flicker",70,0.7,2.07
"bulk","water_core",5,"50-100","Bare Ground","unsettled",1217,12.17,35.94
"bulk","water_core",5,"50-100","Built Area","break_endpoint",21,0.21,0.85
"bulk","water_core",5,"50-100","Built Area","break_sustained",24,0.24,0.97
"bulk","water_core",5,"50-100","Built Area","stable",1839,18.39,74.39
"bulk","water_core",5,"50-100","Built Area","stable_flicker",464,4.64,18.77
"bulk","water_core",5,"50-100","Built Area","unsettled",124,1.24,5.02
"bulk","water_core",5,"50-100","Clouds","unsettled",5,0.05,100
"bulk","water_core",5,"50-100","Crops","break_endpoint",318,3.18,6.79
"bulk","water_core",5,"50-100","Crops","break_sustained",1676,16.76,35.77
"bulk","water_core",5,"50-100","Crops","stable",907,9.07,19.36
"bulk","water_core",5,"50-100","Crops","stable_flicker",1070,10.7,22.83
"bulk","water_core",5,"50-100","Crops","unsettled",715,7.15,15.26
"bulk","water_core",5,"50-100","Flooded Vegetation","break_endpoint",29,0.29,12.95
"bulk","water_core",5,"50-100","Flooded Vegetation","break_sustained",4,0.04,1.79
"bulk","water_core",5,"50-100","Flooded Vegetation","stable_flicker",60,0.6,26.79
"bulk","water_core",5,"50-100","Flooded Vegetation","unsettled",131,1.31,58.48
"bulk","water_core",5,"50-100","Rangeland","break_endpoint",2672,26.72,9.92
"bulk","water_core",5,"50-100","Rangeland","break_sustained",611,6.11,2.27
"bulk","water_core",5,"50-100","Rangeland","stable",14124,141.24,52.42
"bulk","water_core",5,"50-100","Rangeland","stable_flicker",6054,60.54,22.47
"bulk","water_core",5,"50-100","Rangeland","unsettled",3484,34.84,12.93
"bulk","water_core",5,"50-100","Snow/Ice","break_endpoint",43,0.43,6.92
"bulk","water_core",5,"50-100","Snow/Ice","unsettled",578,5.78,93.08
"bulk","water_core",5,"50-100","Trees","break_endpoint",3130,31.3,2.95
"bulk","water_core",5,"50-100","Trees","break_sustained",1257,12.57,1.18
"bulk","water_core",5,"50-100","Trees","stable",90213,902.13,84.89
"bulk","water_core",5,"50-100","Trees","stable_flicker",6935,69.35,6.53
"bulk","water_core",5,"50-100","Trees","unsettled",4733,47.33,4.45
"bulk","water_core",5,"50-100","Water","break_endpoint",260,2.6,14.53
"bulk","water_core",5,"50-100","Water","break_sustained",87,0.87,4.86
"bulk","water_core",5,"50-100","Water","stable_flicker",689,6.89,38.51
"bulk","water_core",5,"50-100","Water","unsettled",753,7.53,42.09
"bulk","water_core",6,"100-200","Bare Ground","break_endpoint",2577,25.77,64.46
"bulk","water_core",6,"100-200","Bare Ground","break_sustained",10,0.1,0.25
"bulk","water_core",6,"100-200","Bare Ground","stable_flicker",6,0.06,0.15
"bulk","water_core",6,"100-200","Bare Ground","unsettled",1405,14.05,35.14
"bulk","water_core",6,"100-200","Built Area","break_endpoint",87,0.87,1.36
"bulk","water_core",6,"100-200","Built Area","break_sustained",51,0.51,0.8
"bulk","water_core",6,"100-200","Built Area","stable",4060,40.6,63.45
"bulk","water_core",6,"100-200","Built Area","stable_flicker",1724,17.24,26.94
"bulk","water_core",6,"100-200","Built Area","unsettled",477,4.77,7.45
"bulk","water_core",6,"100-200","Clouds","unsettled",2,0.02,100
"bulk","water_core",6,"100-200","Crops","break_endpoint",839,8.39,9.66
"bulk","water_core",6,"100-200","Crops","break_sustained",2920,29.2,33.61
"bulk","water_core",6,"100-200","Crops","stable",1461,14.61,16.82
"bulk","water_core",6,"100-200","Crops","stable_flicker",1964,19.64,22.61
"bulk","water_core",6,"100-200","Crops","unsettled",1503,15.03,17.3
"bulk","water_core",6,"100-200","Flooded Vegetation","break_endpoint",41,0.41,5.67
"bulk","water_core",6,"100-200","Flooded Vegetation","stable",5,0.05,0.69
"bulk","water_core",6,"100-200","Flooded Vegetation","stable_flicker",266,2.66,36.79
"bulk","water_core",6,"100-200","Flooded Vegetation","unsettled",411,4.11,56.85
"bulk","water_core",6,"100-200","Rangeland","break_endpoint",4022,40.22,8.32
"bulk","water_core",6,"100-200","Rangeland","break_sustained",1249,12.49,2.58
"bulk","water_core",6,"100-200","Rangeland","stable",28477,284.77,58.89
"bulk","water_core",6,"100-200","Rangeland","stable_flicker",10148,101.48,20.98
"bulk","water_core",6,"100-200","Rangeland","unsettled",4464,44.64,9.23
"bulk","water_core",6,"100-200","Snow/Ice","break_endpoint",20,0.2,3.17
"bulk","water_core",6,"100-200","Snow/Ice","unsettled",610,6.1,96.83
"bulk","water_core",6,"100-200","Trees","break_endpoint",4117,41.17,2.58
"bulk","water_core",6,"100-200","Trees","break_sustained",1803,18.03,1.13
"bulk","water_core",6,"100-200","Trees","stable",137758,1377.58,86.21
"bulk","water_core",6,"100-200","Trees","stable_flicker",9991,99.91,6.25
"bulk","water_core",6,"100-200","Trees","unsettled",6119,61.19,3.83
"bulk","water_core",6,"100-200","Water","break_endpoint",149,1.49,15.04
"bulk","water_core",6,"100-200","Water","break_sustained",43,0.43,4.34
"bulk","water_core",6,"100-200","Water","stable_flicker",343,3.43,34.61
"bulk","water_core",6,"100-200","Water","unsettled",456,4.56,46.01
"bulk","water_core",7,"200-500","Bare Ground","break_endpoint",2779,27.79,58.25
"bulk","water_core",7,"200-500","Bare Ground","break_sustained",29,0.29,0.61
"bulk","water_core",7,"200-500","Bare Ground","stable_flicker",1,0.01,0.02
"bulk","water_core",7,"200-500","Bare Ground","unsettled",1962,19.62,41.12
"bulk","water_core",7,"200-500","Built Area","break_endpoint",256,2.56,1.49
"bulk","water_core",7,"200-500","Built Area","break_sustained",63,0.63,0.37
"bulk","water_core",7,"200-500","Built Area","stable",13458,134.58,78.38
"bulk","water_core",7,"200-500","Built Area","stable_flicker",2109,21.09,12.28
"bulk","water_core",7,"200-500","Built Area","unsettled",1285,12.85,7.48
"bulk","water_core",7,"200-500","Clouds","unsettled",4,0.04,100
"bulk","water_core",7,"200-500","Crops","break_endpoint",2370,23.7,11.6
"bulk","water_core",7,"200-500","Crops","break_sustained",8250,82.5,40.39
"bulk","water_core",7,"200-500","Crops","stable",2199,21.99,10.77
"bulk","water_core",7,"200-500","Crops","stable_flicker",3890,38.9,19.05
"bulk","water_core",7,"200-500","Crops","unsettled",3715,37.15,18.19
"bulk","water_core",7,"200-500","Flooded Vegetation","break_endpoint",138,1.38,7.82
"bulk","water_core",7,"200-500","Flooded Vegetation","break_sustained",3,0.03,0.17
"bulk","water_core",7,"200-500","Flooded Vegetation","stable",288,2.88,16.32
"bulk","water_core",7,"200-500","Flooded Vegetation","stable_flicker",740,7.4,41.93
"bulk","water_core",7,"200-500","Flooded Vegetation","unsettled",596,5.96,33.77
"bulk","water_core",7,"200-500","Rangeland","break_endpoint",8078,80.78,7.95
"bulk","water_core",7,"200-500","Rangeland","break_sustained",3032,30.32,2.98
"bulk","water_core",7,"200-500","Rangeland","stable",58076,580.76,57.13
"bulk","water_core",7,"200-500","Rangeland","stable_flicker",22701,227.01,22.33
"bulk","water_core",7,"200-500","Rangeland","unsettled",9771,97.71,9.61
"bulk","water_core",7,"200-500","Snow/Ice","break_endpoint",76,0.76,12.88
"bulk","water_core",7,"200-500","Snow/Ice","unsettled",514,5.14,87.12
"bulk","water_core",7,"200-500","Trees","break_endpoint",8199,81.99,2.74
"bulk","water_core",7,"200-500","Trees","break_sustained",3774,37.74,1.26
"bulk","water_core",7,"200-500","Trees","stable",258781,2587.81,86.57
"bulk","water_core",7,"200-500","Trees","stable_flicker",16938,169.38,5.67
"bulk","water_core",7,"200-500","Trees","unsettled",11219,112.19,3.75
"bulk","water_core",7,"200-500","Water","break_endpoint",88,0.88,10.8
"bulk","water_core",7,"200-500","Water","break_sustained",186,1.86,22.82
"bulk","water_core",7,"200-500","Water","stable_flicker",202,2.02,24.79
"bulk","water_core",7,"200-500","Water","unsettled",339,3.39,41.6
"bulk","water_core",8,">500","Bare Ground","break_endpoint",5753,57.53,45.92
"bulk","water_core",8,">500","Bare Ground","break_sustained",2,0.02,0.02
"bulk","water_core",8,">500","Bare Ground","stable",3,0.03,0.02
"bulk","water_core",8,">500","Bare Ground","stable_flicker",178,1.78,1.42
"bulk","water_core",8,">500","Bare Ground","unsettled",6592,65.92,52.62
"bulk","water_core",8,">500","Built Area","break_endpoint",629,6.29,1.96
"bulk","water_core",8,">500","Built Area","break_sustained",256,2.56,0.8
"bulk","water_core",8,">500","Built Area","stable",26625,266.25,83.12
"bulk","water_core",8,">500","Built Area","stable_flicker",2858,28.58,8.92
"bulk","water_core",8,">500","Built Area","unsettled",1664,16.64,5.19
"bulk","water_core",8,">500","Clouds","break_endpoint",64,0.64,51.2
"bulk","water_core",8,">500","Clouds","unsettled",61,0.61,48.8
"bulk","water_core",8,">500","Crops","break_endpoint",5924,59.24,17.83
"bulk","water_core",8,">500","Crops","break_sustained",8447,84.47,25.42
"bulk","water_core",8,">500","Crops","stable",5173,51.73,15.57
"bulk","water_core",8,">500","Crops","stable_flicker",7307,73.07,21.99
"bulk","water_core",8,">500","Crops","unsettled",6383,63.83,19.21
"bulk","water_core",8,">500","Flooded Vegetation","break_endpoint",230,2.3,1.26
"bulk","water_core",8,">500","Flooded Vegetation","break_sustained",78,0.78,0.43
"bulk","water_core",8,">500","Flooded Vegetation","stable",12284,122.84,67.38
"bulk","water_core",8,">500","Flooded Vegetation","stable_flicker",3314,33.14,18.18
"bulk","water_core",8,">500","Flooded Vegetation","unsettled",2324,23.24,12.75
"bulk","water_core",8,">500","Rangeland","break_endpoint",30914,309.14,6.25
"bulk","water_core",8,">500","Rangeland","break_sustained",16799,167.99,3.4
"bulk","water_core",8,">500","Rangeland","stable",315703,3157.03,63.82
"bulk","water_core",8,">500","Rangeland","stable_flicker",88616,886.16,17.91
"bulk","water_core",8,">500","Rangeland","unsettled",42681,426.81,8.63
"bulk","water_core",8,">500","Snow/Ice","break_endpoint",326,3.26,12.73
"bulk","water_core",8,">500","Snow/Ice","stable_flicker",4,0.04,0.16
"bulk","water_core",8,">500","Snow/Ice","unsettled",2231,22.31,87.11
"bulk","water_core",8,">500","Trees","break_endpoint",49755,497.55,2.62
"bulk","water_core",8,">500","Trees","break_sustained",30487,304.87,1.6
"bulk","water_core",8,">500","Trees","stable",1676369,16763.69,88.14
"bulk","water_core",8,">500","Trees","stable_flicker",93016,930.16,4.89
"bulk","water_core",8,">500","Trees","unsettled",52362,523.62,2.75
"bulk","water_core",8,">500","Water","break_endpoint",76,0.76,17.35
"bulk","water_core",8,">500","Water","break_sustained",86,0.86,19.63
"bulk","water_core",8,">500","Water","stable_flicker",124,1.24,28.31
"bulk","water_core",8,">500","Water","unsettled",152,1.52,34.7
"necr","water_core",1,"core","Water","stable",1059042,10590.42,100
"necr","water_core",2,"0-10","Bare Ground","break_endpoint",2003,20.03,61.35
"necr","water_core",2,"0-10","Bare Ground","break_sustained",3,0.03,0.09
"necr","water_core",2,"0-10","Bare Ground","unsettled",1259,12.59,38.56
"necr","water_core",2,"0-10","Built Area","break_endpoint",26,0.26,6.95
"necr","water_core",2,"0-10","Built Area","break_sustained",42,0.42,11.23
"necr","water_core",2,"0-10","Built Area","stable",71,0.71,18.98
"necr","water_core",2,"0-10","Built Area","stable_flicker",116,1.16,31.02
"necr","water_core",2,"0-10","Built Area","unsettled",119,1.19,31.82
"necr","water_core",2,"0-10","Crops","break_endpoint",339,3.39,36.03
"necr","water_core",2,"0-10","Crops","break_sustained",54,0.54,5.74
"necr","water_core",2,"0-10","Crops","stable",2,0.02,0.21
"necr","water_core",2,"0-10","Crops","stable_flicker",102,1.02,10.84
"necr","water_core",2,"0-10","Crops","unsettled",444,4.44,47.18
"necr","water_core",2,"0-10","Flooded Vegetation","break_endpoint",416,4.16,51.74
"necr","water_core",2,"0-10","Flooded Vegetation","break_sustained",14,0.14,1.74
"necr","water_core",2,"0-10","Flooded Vegetation","stable",1,0.01,0.12
"necr","water_core",2,"0-10","Flooded Vegetation","stable_flicker",14,0.14,1.74
"necr","water_core",2,"0-10","Flooded Vegetation","unsettled",359,3.59,44.65
"necr","water_core",2,"0-10","Rangeland","break_endpoint",581,5.81,19.26
"necr","water_core",2,"0-10","Rangeland","break_sustained",253,2.53,8.39
"necr","water_core",2,"0-10","Rangeland","stable",70,0.7,2.32
"necr","water_core",2,"0-10","Rangeland","stable_flicker",480,4.8,15.92
"necr","water_core",2,"0-10","Rangeland","unsettled",1632,16.32,54.11
"necr","water_core",2,"0-10","Snow/Ice","break_endpoint",56,0.56,23.83
"necr","water_core",2,"0-10","Snow/Ice","unsettled",179,1.79,76.17
"necr","water_core",2,"0-10","Trees","break_endpoint",2582,25.82,16.83
"necr","water_core",2,"0-10","Trees","break_sustained",1626,16.26,10.6
"necr","water_core",2,"0-10","Trees","stable",1971,19.71,12.84
"necr","water_core",2,"0-10","Trees","stable_flicker",4357,43.57,28.39
"necr","water_core",2,"0-10","Trees","unsettled",4809,48.09,31.34
"necr","water_core",2,"0-10","Water","break_endpoint",4914,49.14,22.52
"necr","water_core",2,"0-10","Water","break_sustained",3519,35.19,16.13
"necr","water_core",2,"0-10","Water","stable_flicker",10442,104.42,47.86
"necr","water_core",2,"0-10","Water","unsettled",2944,29.44,13.49
"necr","water_core",3,"10-30","Bare Ground","break_endpoint",992,9.92,31.59
"necr","water_core",3,"10-30","Bare Ground","break_sustained",38,0.38,1.21
"necr","water_core",3,"10-30","Bare Ground","unsettled",2110,21.1,67.2
"necr","water_core",3,"10-30","Built Area","break_endpoint",28,0.28,1.31
"necr","water_core",3,"10-30","Built Area","break_sustained",10,0.1,0.47
"necr","water_core",3,"10-30","Built Area","stable",1734,17.34,80.99
"necr","water_core",3,"10-30","Built Area","stable_flicker",303,3.03,14.15
"necr","water_core",3,"10-30","Built Area","unsettled",66,0.66,3.08
"necr","water_core",3,"10-30","Crops","break_endpoint",354,3.54,16.03
"necr","water_core",3,"10-30","Crops","break_sustained",221,2.21,10.01
"necr","water_core",3,"10-30","Crops","stable",178,1.78,8.06
"necr","water_core",3,"10-30","Crops","stable_flicker",713,7.13,32.29
"necr","water_core",3,"10-30","Crops","unsettled",742,7.42,33.61
"necr","water_core",3,"10-30","Flooded Vegetation","break_endpoint",443,4.43,25.53
"necr","water_core",3,"10-30","Flooded Vegetation","break_sustained",80,0.8,4.61
"necr","water_core",3,"10-30","Flooded Vegetation","stable",123,1.23,7.09
"necr","water_core",3,"10-30","Flooded Vegetation","stable_flicker",101,1.01,5.82
"necr","water_core",3,"10-30","Flooded Vegetation","unsettled",988,9.88,56.95
"necr","water_core",3,"10-30","Rangeland","break_endpoint",1091,10.91,10.25
"necr","water_core",3,"10-30","Rangeland","break_sustained",688,6.88,6.46
"necr","water_core",3,"10-30","Rangeland","stable",3135,31.35,29.45
"necr","water_core",3,"10-30","Rangeland","stable_flicker",3170,31.7,29.78
"necr","water_core",3,"10-30","Rangeland","unsettled",2560,25.6,24.05
"necr","water_core",3,"10-30","Snow/Ice","break_endpoint",36,0.36,11.18
"necr","water_core",3,"10-30","Snow/Ice","break_sustained",3,0.03,0.93
"necr","water_core",3,"10-30","Snow/Ice","unsettled",283,2.83,87.89
"necr","water_core",3,"10-30","Trees","break_endpoint",2448,24.48,4.87
"necr","water_core",3,"10-30","Trees","break_sustained",1172,11.72,2.33
"necr","water_core",3,"10-30","Trees","stable",33859,338.59,67.41
"necr","water_core",3,"10-30","Trees","stable_flicker",9204,92.04,18.32
"necr","water_core",3,"10-30","Trees","unsettled",3546,35.46,7.06
"necr","water_core",3,"10-30","Water","break_endpoint",757,7.57,12.85
"necr","water_core",3,"10-30","Water","break_sustained",899,8.99,15.26
"necr","water_core",3,"10-30","Water","stable_flicker",2007,20.07,34.06
"necr","water_core",3,"10-30","Water","unsettled",2230,22.3,37.84
"necr","water_core",4,"30-50","Bare Ground","break_endpoint",389,3.89,36.53
"necr","water_core",4,"30-50","Bare Ground","break_sustained",12,0.12,1.13
"necr","water_core",4,"30-50","Bare Ground","unsettled",664,6.64,62.35
"necr","water_core",4,"30-50","Built Area","break_endpoint",7,0.07,0.55
"necr","water_core",4,"30-50","Built Area","break_sustained",5,0.05,0.4
"necr","water_core",4,"30-50","Built Area","stable",1152,11.52,91.21
"necr","water_core",4,"30-50","Built Area","stable_flicker",71,0.71,5.62
"necr","water_core",4,"30-50","Built Area","unsettled",28,0.28,2.22
"necr","water_core",4,"30-50","Crops","break_endpoint",175,1.75,9.53
"necr","water_core",4,"30-50","Crops","break_sustained",248,2.48,13.5
"necr","water_core",4,"30-50","Crops","stable",337,3.37,18.35
"necr","water_core",4,"30-50","Crops","stable_flicker",621,6.21,33.81
"necr","water_core",4,"30-50","Crops","unsettled",456,4.56,24.82
"necr","water_core",4,"30-50","Flooded Vegetation","break_endpoint",214,2.14,12.61
"necr","water_core",4,"30-50","Flooded Vegetation","break_sustained",62,0.62,3.65
"necr","water_core",4,"30-50","Flooded Vegetation","stable",394,3.94,23.22
"necr","water_core",4,"30-50","Flooded Vegetation","stable_flicker",91,0.91,5.36
"necr","water_core",4,"30-50","Flooded Vegetation","unsettled",936,9.36,55.16
"necr","water_core",4,"30-50","Rangeland","break_endpoint",833,8.33,7.18
"necr","water_core",4,"30-50","Rangeland","break_sustained",713,7.13,6.14
"necr","water_core",4,"30-50","Rangeland","stable",5161,51.61,44.46
"necr","water_core",4,"30-50","Rangeland","stable_flicker",3073,30.73,26.47
"necr","water_core",4,"30-50","Rangeland","unsettled",1828,18.28,15.75
"necr","water_core",4,"30-50","Snow/Ice","break_endpoint",15,0.15,18.99
"necr","water_core",4,"30-50","Snow/Ice","unsettled",64,0.64,81.01
"necr","water_core",4,"30-50","Trees","break_endpoint",969,9.69,2.37
"necr","water_core",4,"30-50","Trees","break_sustained",754,7.54,1.84
"necr","water_core",4,"30-50","Trees","stable",33201,332.01,81.13
"necr","water_core",4,"30-50","Trees","stable_flicker",3972,39.72,9.71
"necr","water_core",4,"30-50","Trees","unsettled",2025,20.25,4.95
"necr","water_core",4,"30-50","Water","break_endpoint",102,1.02,6.49
"necr","water_core",4,"30-50","Water","break_sustained",92,0.92,5.85
"necr","water_core",4,"30-50","Water","stable_flicker",955,9.55,60.75
"necr","water_core",4,"30-50","Water","unsettled",423,4.23,26.91
"necr","water_core",5,"50-100","Bare Ground","break_endpoint",459,4.59,45.45
"necr","water_core",5,"50-100","Bare Ground","break_sustained",24,0.24,2.38
"necr","water_core",5,"50-100","Bare Ground","unsettled",527,5.27,52.18
"necr","water_core",5,"50-100","Built Area","break_endpoint",9,0.09,0.54
"necr","water_core",5,"50-100","Built Area","break_sustained",13,0.13,0.78
"necr","water_core",5,"50-100","Built Area","stable",1520,15.2,91.13
"necr","water_core",5,"50-100","Built Area","stable_flicker",94,0.94,5.64
"necr","water_core",5,"50-100","Built Area","unsettled",32,0.32,1.92
"necr","water_core",5,"50-100","Crops","break_endpoint",204,2.04,4.53
"necr","water_core",5,"50-100","Crops","break_sustained",653,6.53,14.5
"necr","water_core",5,"50-100","Crops","stable",1228,12.28,27.28
"necr","water_core",5,"50-100","Crops","stable_flicker",1660,16.6,36.87
"necr","water_core",5,"50-100","Crops","unsettled",757,7.57,16.81
"necr","water_core",5,"50-100","Flooded Vegetation","break_endpoint",275,2.75,9.4
"necr","water_core",5,"50-100","Flooded Vegetation","break_sustained",136,1.36,4.65
"necr","water_core",5,"50-100","Flooded Vegetation","stable",958,9.58,32.73
"necr","water_core",5,"50-100","Flooded Vegetation","stable_flicker",114,1.14,3.89
"necr","water_core",5,"50-100","Flooded Vegetation","unsettled",1444,14.44,49.33
"necr","water_core",5,"50-100","Rangeland","break_endpoint",1618,16.18,6.5
"necr","water_core",5,"50-100","Rangeland","break_sustained",1631,16.31,6.55
"necr","water_core",5,"50-100","Rangeland","stable",12597,125.97,50.58
"necr","water_core",5,"50-100","Rangeland","stable_flicker",5724,57.24,22.98
"necr","water_core",5,"50-100","Rangeland","unsettled",3337,33.37,13.4
"necr","water_core",5,"50-100","Snow/Ice","break_endpoint",22,0.22,31.88
"necr","water_core",5,"50-100","Snow/Ice","unsettled",47,0.47,68.12
"necr","water_core",5,"50-100","Trees","break_endpoint",1681,16.81,2.39
"necr","water_core",5,"50-100","Trees","break_sustained",1440,14.4,2.05
"necr","water_core",5,"50-100","Trees","stable",56624,566.24,80.44
"necr","water_core",5,"50-100","Trees","stable_flicker",7105,71.05,10.09
"necr","water_core",5,"50-100","Trees","unsettled",3542,35.42,5.03
"necr","water_core",5,"50-100","Water","break_endpoint",71,0.71,3.67
"necr","water_core",5,"50-100","Water","break_sustained",218,2.18,11.28
"necr","water_core",5,"50-100","Water","stable_flicker",1195,11.95,61.82
"necr","water_core",5,"50-100","Water","unsettled",449,4.49,23.23
"necr","water_core",6,"100-200","Bare Ground","break_endpoint",541,5.41,52.17
"necr","water_core",6,"100-200","Bare Ground","break_sustained",22,0.22,2.12
"necr","water_core",6,"100-200","Bare Ground","unsettled",474,4.74,45.71
"necr","water_core",6,"100-200","Built Area","break_endpoint",31,0.31,1.56
"necr","water_core",6,"100-200","Built Area","break_sustained",40,0.4,2.01
"necr","water_core",6,"100-200","Built Area","stable",1691,16.91,85.1
"necr","water_core",6,"100-200","Built Area","stable_flicker",182,1.82,9.16
"necr","water_core",6,"100-200","Built Area","unsettled",43,0.43,2.16
"necr","water_core",6,"100-200","Crops","break_endpoint",587,5.87,6.52
"necr","water_core",6,"100-200","Crops","break_sustained",2400,24,26.64
"necr","water_core",6,"100-200","Crops","stable",1969,19.69,21.86
"necr","water_core",6,"100-200","Crops","stable_flicker",2740,27.4,30.41
"necr","water_core",6,"100-200","Crops","unsettled",1313,13.13,14.57
"necr","water_core",6,"100-200","Flooded Vegetation","break_endpoint",179,1.79,8.56
"necr","water_core",6,"100-200","Flooded Vegetation","break_sustained",101,1.01,4.83
"necr","water_core",6,"100-200","Flooded Vegetation","stable",1189,11.89,56.84
"necr","water_core",6,"100-200","Flooded Vegetation","stable_flicker",33,0.33,1.58
"necr","water_core",6,"100-200","Flooded Vegetation","unsettled",590,5.9,28.2
"necr","water_core",6,"100-200","Rangeland","break_endpoint",2502,25.02,5.96
"necr","water_core",6,"100-200","Rangeland","break_sustained",3996,39.96,9.53
"necr","water_core",6,"100-200","Rangeland","stable",22955,229.55,54.73
"necr","water_core",6,"100-200","Rangeland","stable_flicker",7588,75.88,18.09
"necr","water_core",6,"100-200","Rangeland","unsettled",4904,49.04,11.69
"necr","water_core",6,"100-200","Snow/Ice","break_endpoint",15,0.15,33.33
"necr","water_core",6,"100-200","Snow/Ice","unsettled",30,0.3,66.67
"necr","water_core",6,"100-200","Trees","break_endpoint",2273,22.73,2.37
"necr","water_core",6,"100-200","Trees","break_sustained",1632,16.32,1.7
"necr","water_core",6,"100-200","Trees","stable",77948,779.48,81.18
"necr","water_core",6,"100-200","Trees","stable_flicker",9545,95.45,9.94
"necr","water_core",6,"100-200","Trees","unsettled",4623,46.23,4.81
"necr","water_core",6,"100-200","Water","break_endpoint",47,0.47,2.46
"necr","water_core",6,"100-200","Water","break_sustained",236,2.36,12.33
"necr","water_core",6,"100-200","Water","stable_flicker",1276,12.76,66.67
"necr","water_core",6,"100-200","Water","unsettled",355,3.55,18.55
"necr","water_core",7,"200-500","Bare Ground","break_endpoint",949,9.49,44.95
"necr","water_core",7,"200-500","Bare Ground","break_sustained",43,0.43,2.04
"necr","water_core",7,"200-500","Bare Ground","unsettled",1119,11.19,53.01
"necr","water_core",7,"200-500","Built Area","break_endpoint",47,0.47,0.6
"necr","water_core",7,"200-500","Built Area","break_sustained",28,0.28,0.36
"necr","water_core",7,"200-500","Built Area","stable",7155,71.55,91.85
"necr","water_core",7,"200-500","Built Area","stable_flicker",465,4.65,5.97
"necr","water_core",7,"200-500","Built Area","unsettled",95,0.95,1.22
"necr","water_core",7,"200-500","Crops","break_endpoint",1710,17.1,7.81
"necr","water_core",7,"200-500","Crops","break_sustained",4730,47.3,21.61
"necr","water_core",7,"200-500","Crops","stable",4646,46.46,21.23
"necr","water_core",7,"200-500","Crops","stable_flicker",8286,82.86,37.86
"necr","water_core",7,"200-500","Crops","unsettled",2512,25.12,11.48
"necr","water_core",7,"200-500","Flooded Vegetation","break_endpoint",399,3.99,47.5
"necr","water_core",7,"200-500","Flooded Vegetation","break_sustained",23,0.23,2.74
"necr","water_core",7,"200-500","Flooded Vegetation","stable",165,1.65,19.64
"necr","water_core",7,"200-500","Flooded Vegetation","unsettled",253,2.53,30.12
"necr","water_core",7,"200-500","Rangeland","break_endpoint",4697,46.97,5.82
"necr","water_core",7,"200-500","Rangeland","break_sustained",8007,80.07,9.92
"necr","water_core",7,"200-500","Rangeland","stable",43441,434.41,53.82
"necr","water_core",7,"200-500","Rangeland","stable_flicker",15994,159.94,19.82
"necr","water_core",7,"200-500","Rangeland","unsettled",8573,85.73,10.62
"necr","water_core",7,"200-500","Snow/Ice","break_endpoint",5,0.05,17.86
"necr","water_core",7,"200-500","Snow/Ice","unsettled",23,0.23,82.14
"necr","water_core",7,"200-500","Trees","break_endpoint",4288,42.88,2.52
"necr","water_core",7,"200-500","Trees","break_sustained",4320,43.2,2.54
"necr","water_core",7,"200-500","Trees","stable",141831,1418.31,83.3
"necr","water_core",7,"200-500","Trees","stable_flicker",13155,131.55,7.73
"necr","water_core",7,"200-500","Trees","unsettled",6663,66.63,3.91
"necr","water_core",7,"200-500","Water","break_endpoint",28,0.28,4.68
"necr","water_core",7,"200-500","Water","break_sustained",7,0.07,1.17
"necr","water_core",7,"200-500","Water","stable_flicker",148,1.48,24.75
"necr","water_core",7,"200-500","Water","unsettled",415,4.15,69.4
"necr","water_core",8,">500","Bare Ground","break_endpoint",1759,17.59,39.17
"necr","water_core",8,">500","Bare Ground","break_sustained",136,1.36,3.03
"necr","water_core",8,">500","Bare Ground","unsettled",2596,25.96,57.8
"necr","water_core",8,">500","Built Area","break_endpoint",349,3.49,2.03
"necr","water_core",8,">500","Built Area","break_sustained",285,2.85,1.65
"necr","water_core",8,">500","Built Area","stable",14953,149.53,86.76
"necr","water_core",8,">500","Built Area","stable_flicker",1130,11.3,6.56
"necr","water_core",8,">500","Built Area","unsettled",517,5.17,3
"necr","water_core",8,">500","Crops","break_endpoint",24040,240.4,6.14
"necr","water_core",8,">500","Crops","break_sustained",29511,295.11,7.54
"necr","water_core",8,">500","Crops","stable",228676,2286.76,58.4
"necr","water_core",8,">500","Crops","stable_flicker",74557,745.57,19.04
"necr","water_core",8,">500","Crops","unsettled",34760,347.6,8.88
"necr","water_core",8,">500","Flooded Vegetation","break_endpoint",325,3.25,12.67
"necr","water_core",8,">500","Flooded Vegetation","break_sustained",44,0.44,1.72
"necr","water_core",8,">500","Flooded Vegetation","stable",1399,13.99,54.54
"necr","water_core",8,">500","Flooded Vegetation","stable_flicker",402,4.02,15.67
"necr","water_core",8,">500","Flooded Vegetation","unsettled",395,3.95,15.4
"necr","water_core",8,">500","Rangeland","break_endpoint",40498,404.98,7.21
"necr","water_core",8,">500","Rangeland","break_sustained",42832,428.32,7.62
"necr","water_core",8,">500","Rangeland","stable",326813,3268.13,58.18
"necr","water_core",8,">500","Rangeland","stable_flicker",96709,967.09,17.22
"necr","water_core",8,">500","Rangeland","unsettled",54917,549.17,9.78
"necr","water_core",8,">500","Snow/Ice","break_endpoint",230,2.3,40.64
"necr","water_core",8,">500","Snow/Ice","unsettled",336,3.36,59.36
"necr","water_core",8,">500","Trees","break_endpoint",60061,600.61,4.24
"necr","water_core",8,">500","Trees","break_sustained",65392,653.92,4.61
"necr","water_core",8,">500","Trees","stable",1134849,11348.49,80.07
"necr","water_core",8,">500","Trees","stable_flicker",94724,947.24,6.68
"necr","water_core",8,">500","Trees","unsettled",62251,622.51,4.39
"necr","water_core",8,">500","Water","break_endpoint",227,2.27,15.18
"necr","water_core",8,">500","Water","break_sustained",575,5.75,38.46
"necr","water_core",8,">500","Water","stable_flicker",213,2.13,14.25
"necr","water_core",8,">500","Water","unsettled",480,4.8,32.11
"lnth","water_core",1,"core","Water","stable",539130,5391.3,100
"lnth","water_core",2,"0-10","Bare Ground","break_endpoint",1091,10.91,37.7
"lnth","water_core",2,"0-10","Bare Ground","break_sustained",171,1.71,5.91
"lnth","water_core",2,"0-10","Bare Ground","stable",22,0.22,0.76
"lnth","water_core",2,"0-10","Bare Ground","stable_flicker",1029,10.29,35.56
"lnth","water_core",2,"0-10","Bare Ground","unsettled",581,5.81,20.08
"lnth","water_core",2,"0-10","Built Area","break_endpoint",38,0.38,4.04
"lnth","water_core",2,"0-10","Built Area","break_sustained",55,0.55,5.84
"lnth","water_core",2,"0-10","Built Area","stable",413,4.13,43.89
"lnth","water_core",2,"0-10","Built Area","stable_flicker",263,2.63,27.95
"lnth","water_core",2,"0-10","Built Area","unsettled",172,1.72,18.28
"lnth","water_core",2,"0-10","Clouds","unsettled",3,0.03,100
"lnth","water_core",2,"0-10","Crops","break_endpoint",55,0.55,13.06
"lnth","water_core",2,"0-10","Crops","break_sustained",46,0.46,10.93
"lnth","water_core",2,"0-10","Crops","stable",84,0.84,19.95
"lnth","water_core",2,"0-10","Crops","stable_flicker",98,0.98,23.28
"lnth","water_core",2,"0-10","Crops","unsettled",138,1.38,32.78
"lnth","water_core",2,"0-10","Flooded Vegetation","break_endpoint",58,0.58,35.37
"lnth","water_core",2,"0-10","Flooded Vegetation","break_sustained",1,0.01,0.61
"lnth","water_core",2,"0-10","Flooded Vegetation","stable_flicker",3,0.03,1.83
"lnth","water_core",2,"0-10","Flooded Vegetation","unsettled",102,1.02,62.2
"lnth","water_core",2,"0-10","Rangeland","break_endpoint",591,5.91,15.35
"lnth","water_core",2,"0-10","Rangeland","break_sustained",356,3.56,9.25
"lnth","water_core",2,"0-10","Rangeland","stable",597,5.97,15.51
"lnth","water_core",2,"0-10","Rangeland","stable_flicker",1458,14.58,37.87
"lnth","water_core",2,"0-10","Rangeland","unsettled",848,8.48,22.03
"lnth","water_core",2,"0-10","Trees","break_endpoint",1597,15.97,14.52
"lnth","water_core",2,"0-10","Trees","break_sustained",1223,12.23,11.12
"lnth","water_core",2,"0-10","Trees","stable",1990,19.9,18.09
"lnth","water_core",2,"0-10","Trees","stable_flicker",3931,39.31,35.74
"lnth","water_core",2,"0-10","Trees","unsettled",2258,22.58,20.53
"lnth","water_core",2,"0-10","Water","break_endpoint",7457,74.57,41.45
"lnth","water_core",2,"0-10","Water","break_sustained",2342,23.42,13.02
"lnth","water_core",2,"0-10","Water","stable_flicker",5173,51.73,28.76
"lnth","water_core",2,"0-10","Water","unsettled",3017,30.17,16.77
"lnth","water_core",3,"10-30","Bare Ground","break_endpoint",551,5.51,5.64
"lnth","water_core",3,"10-30","Bare Ground","break_sustained",459,4.59,4.7
"lnth","water_core",3,"10-30","Bare Ground","stable",2134,21.34,21.85
"lnth","water_core",3,"10-30","Bare Ground","stable_flicker",5782,57.82,59.21
"lnth","water_core",3,"10-30","Bare Ground","unsettled",839,8.39,8.59
"lnth","water_core",3,"10-30","Built Area","break_endpoint",107,1.07,3.49
"lnth","water_core",3,"10-30","Built Area","break_sustained",29,0.29,0.94
"lnth","water_core",3,"10-30","Built Area","stable",2296,22.96,74.79
"lnth","water_core",3,"10-30","Built Area","stable_flicker",428,4.28,13.94
"lnth","water_core",3,"10-30","Built Area","unsettled",210,2.1,6.84
"lnth","water_core",3,"10-30","Clouds","unsettled",4,0.04,100
"lnth","water_core",3,"10-30","Crops","break_endpoint",186,1.86,10.24
"lnth","water_core",3,"10-30","Crops","break_sustained",63,0.63,3.47
"lnth","water_core",3,"10-30","Crops","stable",793,7.93,43.67
"lnth","water_core",3,"10-30","Crops","stable_flicker",427,4.27,23.51
"lnth","water_core",3,"10-30","Crops","unsettled",347,3.47,19.11
"lnth","water_core",3,"10-30","Flooded Vegetation","break_endpoint",18,0.18,7.5
"lnth","water_core",3,"10-30","Flooded Vegetation","break_sustained",19,0.19,7.92
"lnth","water_core",3,"10-30","Flooded Vegetation","stable",28,0.28,11.67
"lnth","water_core",3,"10-30","Flooded Vegetation","stable_flicker",43,0.43,17.92
"lnth","water_core",3,"10-30","Flooded Vegetation","unsettled",132,1.32,55
"lnth","water_core",3,"10-30","Rangeland","break_endpoint",354,3.54,3.17
"lnth","water_core",3,"10-30","Rangeland","break_sustained",509,5.09,4.56
"lnth","water_core",3,"10-30","Rangeland","stable",5577,55.77,50
"lnth","water_core",3,"10-30","Rangeland","stable_flicker",3643,36.43,32.66
"lnth","water_core",3,"10-30","Rangeland","unsettled",1070,10.7,9.59
"lnth","water_core",3,"10-30","Trees","break_endpoint",988,9.88,3.28
"lnth","water_core",3,"10-30","Trees","break_sustained",409,4.09,1.36
"lnth","water_core",3,"10-30","Trees","stable",19730,197.3,65.58
"lnth","water_core",3,"10-30","Trees","stable_flicker",6815,68.15,22.65
"lnth","water_core",3,"10-30","Trees","unsettled",2142,21.42,7.12
"lnth","water_core",3,"10-30","Water","break_endpoint",3199,31.99,33.33
"lnth","water_core",3,"10-30","Water","break_sustained",2988,29.88,31.13
"lnth","water_core",3,"10-30","Water","stable_flicker",1021,10.21,10.64
"lnth","water_core",3,"10-30","Water","unsettled",2389,23.89,24.89
"lnth","water_core",4,"30-50","Bare Ground","break_endpoint",241,2.41,2.25
"lnth","water_core",4,"30-50","Bare Ground","break_sustained",357,3.57,3.33
"lnth","water_core",4,"30-50","Bare Ground","stable",4954,49.54,46.24
"lnth","water_core",4,"30-50","Bare Ground","stable_flicker",4695,46.95,43.82
"lnth","water_core",4,"30-50","Bare Ground","unsettled",467,4.67,4.36
"lnth","water_core",4,"30-50","Built Area","break_endpoint",89,0.89,5.15
"lnth","water_core",4,"30-50","Built Area","break_sustained",18,0.18,1.04
"lnth","water_core",4,"30-50","Built Area","stable",1266,12.66,73.31
"lnth","water_core",4,"30-50","Built Area","stable_flicker",218,2.18,12.62
"lnth","water_core",4,"30-50","Built Area","unsettled",136,1.36,7.87
"lnth","water_core",4,"30-50","Clouds","unsettled",3,0.03,100
"lnth","water_core",4,"30-50","Crops","break_endpoint",189,1.89,9.88
"lnth","water_core",4,"30-50","Crops","break_sustained",51,0.51,2.67
"lnth","water_core",4,"30-50","Crops","stable",951,9.51,49.71
"lnth","water_core",4,"30-50","Crops","stable_flicker",467,4.67,24.41
"lnth","water_core",4,"30-50","Crops","unsettled",255,2.55,13.33
"lnth","water_core",4,"30-50","Flooded Vegetation","break_endpoint",26,0.26,20.63
"lnth","water_core",4,"30-50","Flooded Vegetation","break_sustained",7,0.07,5.56
"lnth","water_core",4,"30-50","Flooded Vegetation","stable",5,0.05,3.97
"lnth","water_core",4,"30-50","Flooded Vegetation","stable_flicker",15,0.15,11.9
"lnth","water_core",4,"30-50","Flooded Vegetation","unsettled",73,0.73,57.94
"lnth","water_core",4,"30-50","Rangeland","break_endpoint",314,3.14,2.92
"lnth","water_core",4,"30-50","Rangeland","break_sustained",419,4.19,3.89
"lnth","water_core",4,"30-50","Rangeland","stable",6466,64.66,60.1
"lnth","water_core",4,"30-50","Rangeland","stable_flicker",2751,27.51,25.57
"lnth","water_core",4,"30-50","Rangeland","unsettled",808,8.08,7.51
"lnth","water_core",4,"30-50","Trees","break_endpoint",423,4.23,1.66
"lnth","water_core",4,"30-50","Trees","break_sustained",163,1.63,0.64
"lnth","water_core",4,"30-50","Trees","stable",18918,189.18,74.28
"lnth","water_core",4,"30-50","Trees","stable_flicker",4518,45.18,17.74
"lnth","water_core",4,"30-50","Trees","unsettled",1445,14.45,5.67
"lnth","water_core",4,"30-50","Water","break_endpoint",827,8.27,23.47
"lnth","water_core",4,"30-50","Water","break_sustained",1278,12.78,36.28
"lnth","water_core",4,"30-50","Water","stable_flicker",351,3.51,9.96
"lnth","water_core",4,"30-50","Water","unsettled",1067,10.67,30.29
"lnth","water_core",5,"50-100","Bare Ground","break_endpoint",312,3.12,2.16
"lnth","water_core",5,"50-100","Bare Ground","break_sustained",472,4.72,3.27
"lnth","water_core",5,"50-100","Bare Ground","stable",9052,90.52,62.8
"lnth","water_core",5,"50-100","Bare Ground","stable_flicker",4116,41.16,28.56
"lnth","water_core",5,"50-100","Bare Ground","unsettled",461,4.61,3.2
"lnth","water_core",5,"50-100","Built Area","break_endpoint",129,1.29,5.45
"lnth","water_core",5,"50-100","Built Area","break_sustained",85,0.85,3.59
"lnth","water_core",5,"50-100","Built Area","stable",1694,16.94,71.6
"lnth","water_core",5,"50-100","Built Area","stable_flicker",187,1.87,7.9
"lnth","water_core",5,"50-100","Built Area","unsettled",271,2.71,11.45
"lnth","water_core",5,"50-100","Clouds","unsettled",6,0.06,100
"lnth","water_core",5,"50-100","Crops","break_endpoint",261,2.61,6.65
"lnth","water_core",5,"50-100","Crops","break_sustained",83,0.83,2.11
"lnth","water_core",5,"50-100","Crops","stable",2215,22.15,56.4
"lnth","water_core",5,"50-100","Crops","stable_flicker",957,9.57,24.37
"lnth","water_core",5,"50-100","Crops","unsettled",411,4.11,10.47
"lnth","water_core",5,"50-100","Flooded Vegetation","break_endpoint",15,0.15,11.28
"lnth","water_core",5,"50-100","Flooded Vegetation","break_sustained",2,0.02,1.5
"lnth","water_core",5,"50-100","Flooded Vegetation","stable_flicker",2,0.02,1.5
"lnth","water_core",5,"50-100","Flooded Vegetation","unsettled",114,1.14,85.71
"lnth","water_core",5,"50-100","Rangeland","break_endpoint",548,5.48,2.75
"lnth","water_core",5,"50-100","Rangeland","break_sustained",780,7.8,3.91
"lnth","water_core",5,"50-100","Rangeland","stable",12150,121.5,60.97
"lnth","water_core",5,"50-100","Rangeland","stable_flicker",4911,49.11,24.64
"lnth","water_core",5,"50-100","Rangeland","unsettled",1538,15.38,7.72
"lnth","water_core",5,"50-100","Trees","break_endpoint",794,7.94,1.9
"lnth","water_core",5,"50-100","Trees","break_sustained",383,3.83,0.92
"lnth","water_core",5,"50-100","Trees","stable",31308,313.08,74.85
"lnth","water_core",5,"50-100","Trees","stable_flicker",6917,69.17,16.54
"lnth","water_core",5,"50-100","Trees","unsettled",2426,24.26,5.8
"lnth","water_core",5,"50-100","Water","break_endpoint",594,5.94,21.88
"lnth","water_core",5,"50-100","Water","break_sustained",933,9.33,34.36
"lnth","water_core",5,"50-100","Water","stable_flicker",331,3.31,12.19
"lnth","water_core",5,"50-100","Water","unsettled",857,8.57,31.57
"lnth","water_core",6,"100-200","Bare Ground","break_endpoint",160,1.6,2.36
"lnth","water_core",6,"100-200","Bare Ground","break_sustained",96,0.96,1.42
"lnth","water_core",6,"100-200","Bare Ground","stable",5085,50.85,75.07
"lnth","water_core",6,"100-200","Bare Ground","stable_flicker",1132,11.32,16.71
"lnth","water_core",6,"100-200","Bare Ground","unsettled",301,3.01,4.44
"lnth","water_core",6,"100-200","Built Area","break_endpoint",208,2.08,5.54
"lnth","water_core",6,"100-200","Built Area","break_sustained",108,1.08,2.88
"lnth","water_core",6,"100-200","Built Area","stable",2768,27.68,73.75
"lnth","water_core",6,"100-200","Built Area","stable_flicker",197,1.97,5.25
"lnth","water_core",6,"100-200","Built Area","unsettled",472,4.72,12.58
"lnth","water_core",6,"100-200","Crops","break_endpoint",671,6.71,9.44
"lnth","water_core",6,"100-200","Crops","break_sustained",216,2.16,3.04
"lnth","water_core",6,"100-200","Crops","stable",4220,42.2,59.37
"lnth","water_core",6,"100-200","Crops","stable_flicker",1320,13.2,18.57
"lnth","water_core",6,"100-200","Crops","unsettled",681,6.81,9.58
"lnth","water_core",6,"100-200","Flooded Vegetation","break_endpoint",150,1.5,47.47
"lnth","water_core",6,"100-200","Flooded Vegetation","unsettled",166,1.66,52.53
"lnth","water_core",6,"100-200","Rangeland","break_endpoint",544,5.44,1.82
"lnth","water_core",6,"100-200","Rangeland","break_sustained",735,7.35,2.46
"lnth","water_core",6,"100-200","Rangeland","stable",20598,205.98,68.88
"lnth","water_core",6,"100-200","Rangeland","stable_flicker",5858,58.58,19.59
"lnth","water_core",6,"100-200","Rangeland","unsettled",2171,21.71,7.26
"lnth","water_core",6,"100-200","Trees","break_endpoint",1444,14.44,3.08
"lnth","water_core",6,"100-200","Trees","break_sustained",733,7.33,1.56
"lnth","water_core",6,"100-200","Trees","stable",35567,355.67,75.92
"lnth","water_core",6,"100-200","Trees","stable_flicker",6795,67.95,14.5
"lnth","water_core",6,"100-200","Trees","unsettled",2310,23.1,4.93
"lnth","water_core",6,"100-200","Water","break_endpoint",200,2,20.04
"lnth","water_core",6,"100-200","Water","break_sustained",269,2.69,26.95
"lnth","water_core",6,"100-200","Water","stable_flicker",53,0.53,5.31
"lnth","water_core",6,"100-200","Water","unsettled",476,4.76,47.7
"lnth","water_core",7,"200-500","Bare Ground","break_endpoint",917,9.17,45.19
"lnth","water_core",7,"200-500","Bare Ground","break_sustained",61,0.61,3.01
"lnth","water_core",7,"200-500","Bare Ground","stable",413,4.13,20.35
"lnth","water_core",7,"200-500","Bare Ground","stable_flicker",42,0.42,2.07
"lnth","water_core",7,"200-500","Bare Ground","unsettled",596,5.96,29.37
"lnth","water_core",7,"200-500","Built Area","break_endpoint",116,1.16,1.15
"lnth","water_core",7,"200-500","Built Area","break_sustained",167,1.67,1.66
"lnth","water_core",7,"200-500","Built Area","stable",8570,85.7,85.13
"lnth","water_core",7,"200-500","Built Area","stable_flicker",814,8.14,8.09
"lnth","water_core",7,"200-500","Built Area","unsettled",400,4,3.97
"lnth","water_core",7,"200-500","Clouds","break_endpoint",6,0.06,75
"lnth","water_core",7,"200-500","Clouds","unsettled",2,0.02,25
"lnth","water_core",7,"200-500","Crops","break_endpoint",2588,25.88,10.69
"lnth","water_core",7,"200-500","Crops","break_sustained",562,5.62,2.32
"lnth","water_core",7,"200-500","Crops","stable",15437,154.37,63.76
"lnth","water_core",7,"200-500","Crops","stable_flicker",3967,39.67,16.38
"lnth","water_core",7,"200-500","Crops","unsettled",1659,16.59,6.85
"lnth","water_core",7,"200-500","Flooded Vegetation","break_endpoint",833,8.33,60.36
"lnth","water_core",7,"200-500","Flooded Vegetation","unsettled",547,5.47,39.64
"lnth","water_core",7,"200-500","Rangeland","break_endpoint",2699,26.99,3.64
"lnth","water_core",7,"200-500","Rangeland","break_sustained",2074,20.74,2.8
"lnth","water_core",7,"200-500","Rangeland","stable",50757,507.57,68.53
"lnth","water_core",7,"200-500","Rangeland","stable_flicker",12166,121.66,16.43
"lnth","water_core",7,"200-500","Rangeland","unsettled",6370,63.7,8.6
"lnth","water_core",7,"200-500","Trees","break_endpoint",1646,16.46,2.68
"lnth","water_core",7,"200-500","Trees","break_sustained",728,7.28,1.19
"lnth","water_core",7,"200-500","Trees","stable",47174,471.74,76.85
"lnth","water_core",7,"200-500","Trees","stable_flicker",8572,85.72,13.97
"lnth","water_core",7,"200-500","Trees","unsettled",3261,32.61,5.31
"lnth","water_core",7,"200-500","Water","break_endpoint",1,0.01,1.96
"lnth","water_core",7,"200-500","Water","break_sustained",11,0.11,21.57
"lnth","water_core",7,"200-500","Water","stable_flicker",16,0.16,31.37
"lnth","water_core",7,"200-500","Water","unsettled",23,0.23,45.1
"lnth","water_core",8,">500","Bare Ground","break_endpoint",944,9.44,36.2
"lnth","water_core",8,">500","Bare Ground","break_sustained",80,0.8,3.07
"lnth","water_core",8,">500","Bare Ground","stable",120,1.2,4.6
"lnth","water_core",8,">500","Bare Ground","stable_flicker",25,0.25,0.96
"lnth","water_core",8,">500","Bare Ground","unsettled",1439,14.39,55.18
"lnth","water_core",8,">500","Built Area","break_endpoint",496,4.96,1.1
"lnth","water_core",8,">500","Built Area","break_sustained",343,3.43,0.76
"lnth","water_core",8,">500","Built Area","stable",38106,381.06,84.35
"lnth","water_core",8,">500","Built Area","stable_flicker",4295,42.95,9.51
"lnth","water_core",8,">500","Built Area","unsettled",1938,19.38,4.29
"lnth","water_core",8,">500","Clouds","break_endpoint",7,0.07,18.42
"lnth","water_core",8,">500","Clouds","unsettled",31,0.31,81.58
"lnth","water_core",8,">500","Crops","break_endpoint",4274,42.74,8.89
"lnth","water_core",8,">500","Crops","break_sustained",4624,46.24,9.62
"lnth","water_core",8,">500","Crops","stable",19607,196.07,40.77
"lnth","water_core",8,">500","Crops","stable_flicker",12167,121.67,25.3
"lnth","water_core",8,">500","Crops","unsettled",7414,74.14,15.42
"lnth","water_core",8,">500","Flooded Vegetation","break_endpoint",26,0.26,30.23
"lnth","water_core",8,">500","Flooded Vegetation","unsettled",60,0.6,69.77
"lnth","water_core",8,">500","Rangeland","break_endpoint",6214,62.14,3.45
"lnth","water_core",8,">500","Rangeland","break_sustained",5636,56.36,3.13
"lnth","water_core",8,">500","Rangeland","stable",128991,1289.91,71.57
"lnth","water_core",8,">500","Rangeland","stable_flicker",26493,264.93,14.7
"lnth","water_core",8,">500","Rangeland","unsettled",12904,129.04,7.16
"lnth","water_core",8,">500","Trees","break_endpoint",5198,51.98,1.9
"lnth","water_core",8,">500","Trees","break_sustained",3352,33.52,1.23
"lnth","water_core",8,">500","Trees","stable",240348,2403.48,88.01
"lnth","water_core",8,">500","Trees","stable_flicker",13189,131.89,4.83
"lnth","water_core",8,">500","Trees","unsettled",10990,109.9,4.02
"lnth","water_core",8,">500","Water","break_endpoint",75,0.75,25
"lnth","water_core",8,">500","Water","break_sustained",20,0.2,6.67
"lnth","water_core",8,">500","Water","stable_flicker",23,0.23,7.67
"lnth","water_core",8,">500","Water","unsettled",182,1.82,60.67
"kotl","water_core",1,"core","Water","stable",4648014,46480.14,100
"kotl","water_core",2,"0-10","Bare Ground","break_endpoint",849,8.49,27.67
"kotl","water_core",2,"0-10","Bare Ground","break_sustained",202,2.02,6.58
"kotl","water_core",2,"0-10","Bare Ground","stable",86,0.86,2.8
"kotl","water_core",2,"0-10","Bare Ground","stable_flicker",110,1.1,3.59
"kotl","water_core",2,"0-10","Bare Ground","unsettled",1821,18.21,59.35
"kotl","water_core",2,"0-10","Built Area","break_endpoint",402,4.02,18.84
"kotl","water_core",2,"0-10","Built Area","break_sustained",300,3,14.06
"kotl","water_core",2,"0-10","Built Area","stable",352,3.52,16.49
"kotl","water_core",2,"0-10","Built Area","stable_flicker",454,4.54,21.27
"kotl","water_core",2,"0-10","Built Area","unsettled",626,6.26,29.33
"kotl","water_core",2,"0-10","Crops","break_endpoint",297,2.97,14.71
"kotl","water_core",2,"0-10","Crops","break_sustained",274,2.74,13.57
"kotl","water_core",2,"0-10","Crops","stable",86,0.86,4.26
"kotl","water_core",2,"0-10","Crops","stable_flicker",363,3.63,17.98
"kotl","water_core",2,"0-10","Crops","unsettled",999,9.99,49.48
"kotl","water_core",2,"0-10","Flooded Vegetation","break_endpoint",422,4.22,41.45
"kotl","water_core",2,"0-10","Flooded Vegetation","break_sustained",51,0.51,5.01
"kotl","water_core",2,"0-10","Flooded Vegetation","stable_flicker",98,0.98,9.63
"kotl","water_core",2,"0-10","Flooded Vegetation","unsettled",447,4.47,43.91
"kotl","water_core",2,"0-10","Rangeland","break_endpoint",636,6.36,21.86
"kotl","water_core",2,"0-10","Rangeland","break_sustained",282,2.82,9.69
"kotl","water_core",2,"0-10","Rangeland","stable",107,1.07,3.68
"kotl","water_core",2,"0-10","Rangeland","stable_flicker",420,4.2,14.43
"kotl","water_core",2,"0-10","Rangeland","unsettled",1465,14.65,50.34
"kotl","water_core",2,"0-10","Snow/Ice","unsettled",1,0.01,100
"kotl","water_core",2,"0-10","Trees","break_endpoint",3327,33.27,31
"kotl","water_core",2,"0-10","Trees","break_sustained",1159,11.59,10.8
"kotl","water_core",2,"0-10","Trees","stable",1275,12.75,11.88
"kotl","water_core",2,"0-10","Trees","stable_flicker",1988,19.88,18.52
"kotl","water_core",2,"0-10","Trees","unsettled",2984,29.84,27.8
"kotl","water_core",2,"0-10","Water","break_endpoint",10155,101.55,37.37
"kotl","water_core",2,"0-10","Water","break_sustained",1673,16.73,6.16
"kotl","water_core",2,"0-10","Water","stable_flicker",12571,125.71,46.27
"kotl","water_core",2,"0-10","Water","unsettled",2772,27.72,10.2
"kotl","water_core",3,"10-30","Bare Ground","break_endpoint",1338,13.38,25.6
"kotl","water_core",3,"10-30","Bare Ground","break_sustained",301,3.01,5.76
"kotl","water_core",3,"10-30","Bare Ground","stable",1261,12.61,24.13
"kotl","water_core",3,"10-30","Bare Ground","stable_flicker",230,2.3,4.4
"kotl","water_core",3,"10-30","Bare Ground","unsettled",2096,20.96,40.11
"kotl","water_core",3,"10-30","Built Area","break_endpoint",770,7.7,8.43
"kotl","water_core",3,"10-30","Built Area","break_sustained",189,1.89,2.07
"kotl","water_core",3,"10-30","Built Area","stable",6324,63.24,69.24
"kotl","water_core",3,"10-30","Built Area","stable_flicker",1243,12.43,13.61
"kotl","water_core",3,"10-30","Built Area","unsettled",607,6.07,6.65
"kotl","water_core",3,"10-30","Crops","break_endpoint",815,8.15,10.47
"kotl","water_core",3,"10-30","Crops","break_sustained",255,2.55,3.28
"kotl","water_core",3,"10-30","Crops","stable",3724,37.24,47.85
"kotl","water_core",3,"10-30","Crops","stable_flicker",1854,18.54,23.82
"kotl","water_core",3,"10-30","Crops","unsettled",1134,11.34,14.57
"kotl","water_core",3,"10-30","Flooded Vegetation","break_endpoint",549,5.49,17.52
"kotl","water_core",3,"10-30","Flooded Vegetation","break_sustained",135,1.35,4.31
"kotl","water_core",3,"10-30","Flooded Vegetation","stable",203,2.03,6.48
"kotl","water_core",3,"10-30","Flooded Vegetation","stable_flicker",822,8.22,26.24
"kotl","water_core",3,"10-30","Flooded Vegetation","unsettled",1424,14.24,45.45
"kotl","water_core",3,"10-30","Rangeland","break_endpoint",1373,13.73,13.32
"kotl","water_core",3,"10-30","Rangeland","break_sustained",603,6.03,5.85
"kotl","water_core",3,"10-30","Rangeland","stable",3172,31.72,30.77
"kotl","water_core",3,"10-30","Rangeland","stable_flicker",2517,25.17,24.42
"kotl","water_core",3,"10-30","Rangeland","unsettled",2643,26.43,25.64
"kotl","water_core",3,"10-30","Trees","break_endpoint",4409,44.09,12.57
"kotl","water_core",3,"10-30","Trees","break_sustained",410,4.1,1.17
"kotl","water_core",3,"10-30","Trees","stable",22122,221.22,63.09
"kotl","water_core",3,"10-30","Trees","stable_flicker",4938,49.38,14.08
"kotl","water_core",3,"10-30","Trees","unsettled",3184,31.84,9.08
"kotl","water_core",3,"10-30","Water","break_endpoint",2477,24.77,20.62
"kotl","water_core",3,"10-30","Water","break_sustained",2085,20.85,17.36
"kotl","water_core",3,"10-30","Water","stable_flicker",4314,43.14,35.91
"kotl","water_core",3,"10-30","Water","unsettled",3136,31.36,26.11
"kotl","water_core",4,"30-50","Bare Ground","break_endpoint",834,8.34,30.16
"kotl","water_core",4,"30-50","Bare Ground","break_sustained",118,1.18,4.27
"kotl","water_core",4,"30-50","Bare Ground","stable",816,8.16,29.51
"kotl","water_core",4,"30-50","Bare Ground","stable_flicker",124,1.24,4.48
"kotl","water_core",4,"30-50","Bare Ground","unsettled",873,8.73,31.57
"kotl","water_core",4,"30-50","Built Area","break_endpoint",239,2.39,2.83
"kotl","water_core",4,"30-50","Built Area","break_sustained",111,1.11,1.31
"kotl","water_core",4,"30-50","Built Area","stable",6952,69.52,82.23
"kotl","water_core",4,"30-50","Built Area","stable_flicker",843,8.43,9.97
"kotl","water_core",4,"30-50","Built Area","unsettled",309,3.09,3.66
"kotl","water_core",4,"30-50","Crops","break_endpoint",479,4.79,5.72
"kotl","water_core",4,"30-50","Crops","break_sustained",243,2.43,2.9
"kotl","water_core",4,"30-50","Crops","stable",5650,56.5,67.45
"kotl","water_core",4,"30-50","Crops","stable_flicker",1516,15.16,18.1
"kotl","water_core",4,"30-50","Crops","unsettled",489,4.89,5.84
"kotl","water_core",4,"30-50","Flooded Vegetation","break_endpoint",411,4.11,11.69
"kotl","water_core",4,"30-50","Flooded Vegetation","break_sustained",228,2.28,6.48
"kotl","water_core",4,"30-50","Flooded Vegetation","stable",403,4.03,11.46
"kotl","water_core",4,"30-50","Flooded Vegetation","stable_flicker",1048,10.48,29.8
"kotl","water_core",4,"30-50","Flooded Vegetation","unsettled",1427,14.27,40.57
"kotl","water_core",4,"30-50","Rangeland","break_endpoint",1120,11.2,8.95
"kotl","water_core",4,"30-50","Rangeland","break_sustained",872,8.72,6.97
"kotl","water_core",4,"30-50","Rangeland","stable",6159,61.59,49.2
"kotl","water_core",4,"30-50","Rangeland","stable_flicker",2571,25.71,20.54
"kotl","water_core",4,"30-50","Rangeland","unsettled",1797,17.97,14.35
"kotl","water_core",4,"30-50","Snow/Ice","break_sustained",1,0.01,50
"kotl","water_core",4,"30-50","Snow/Ice","stable_flicker",1,0.01,50
"kotl","water_core",4,"30-50","Trees","break_endpoint",1118,11.18,3.54
"kotl","water_core",4,"30-50","Trees","break_sustained",282,2.82,0.89
"kotl","water_core",4,"30-50","Trees","stable",24651,246.51,78.12
"kotl","water_core",4,"30-50","Trees","stable_flicker",3512,35.12,11.13
"kotl","water_core",4,"30-50","Trees","unsettled",1993,19.93,6.32
"kotl","water_core",4,"30-50","Water","break_endpoint",452,4.52,10.35
"kotl","water_core",4,"30-50","Water","break_sustained",816,8.16,18.68
"kotl","water_core",4,"30-50","Water","stable_flicker",2038,20.38,46.65
"kotl","water_core",4,"30-50","Water","unsettled",1063,10.63,24.33
"kotl","water_core",5,"50-100","Bare Ground","break_endpoint",862,8.62,30.34
"kotl","water_core",5,"50-100","Bare Ground","break_sustained",133,1.33,4.68
"kotl","water_core",5,"50-100","Bare Ground","stable",905,9.05,31.85
"kotl","water_core",5,"50-100","Bare Ground","stable_flicker",73,0.73,2.57
"kotl","water_core",5,"50-100","Bare Ground","unsettled",868,8.68,30.55
"kotl","water_core",5,"50-100","Built Area","break_endpoint",341,3.41,2.22
"kotl","water_core",5,"50-100","Built Area","break_sustained",158,1.58,1.03
"kotl","water_core",5,"50-100","Built Area","stable",13056,130.56,84.82
"kotl","water_core",5,"50-100","Built Area","stable_flicker",1378,13.78,8.95
"kotl","water_core",5,"50-100","Built Area","unsettled",460,4.6,2.99
"kotl","water_core",5,"50-100","Crops","break_endpoint",999,9.99,4.62
"kotl","water_core",5,"50-100","Crops","break_sustained",507,5.07,2.35
"kotl","water_core",5,"50-100","Crops","stable",15065,150.65,69.7
"kotl","water_core",5,"50-100","Crops","stable_flicker",3624,36.24,16.77
"kotl","water_core",5,"50-100","Crops","unsettled",1419,14.19,6.57
"kotl","water_core",5,"50-100","Flooded Vegetation","break_endpoint",1183,11.83,13.88
"kotl","water_core",5,"50-100","Flooded Vegetation","break_sustained",1106,11.06,12.97
"kotl","water_core",5,"50-100","Flooded Vegetation","stable",1089,10.89,12.77
"kotl","water_core",5,"50-100","Flooded Vegetation","stable_flicker",2269,22.69,26.62
"kotl","water_core",5,"50-100","Flooded Vegetation","unsettled",2878,28.78,33.76
"kotl","water_core",5,"50-100","Rangeland","break_endpoint",2771,27.71,8.53
"kotl","water_core",5,"50-100","Rangeland","break_sustained",1927,19.27,5.93
"kotl","water_core",5,"50-100","Rangeland","stable",18715,187.15,57.63
"kotl","water_core",5,"50-100","Rangeland","stable_flicker",5294,52.94,16.3
"kotl","water_core",5,"50-100","Rangeland","unsettled",3769,37.69,11.61
"kotl","water_core",5,"50-100","Snow/Ice","break_endpoint",3,0.03,33.33
"kotl","water_core",5,"50-100","Snow/Ice","break_sustained",1,0.01,11.11
"kotl","water_core",5,"50-100","Snow/Ice","stable",3,0.03,33.33
"kotl","water_core",5,"50-100","Snow/Ice","stable_flicker",1,0.01,11.11
"kotl","water_core",5,"50-100","Snow/Ice","unsettled",1,0.01,11.11
"kotl","water_core",5,"50-100","Trees","break_endpoint",1640,16.4,2.79
"kotl","water_core",5,"50-100","Trees","break_sustained",806,8.06,1.37
"kotl","water_core",5,"50-100","Trees","stable",47555,475.55,80.95
"kotl","water_core",5,"50-100","Trees","stable_flicker",5844,58.44,9.95
"kotl","water_core",5,"50-100","Trees","unsettled",2903,29.03,4.94
"kotl","water_core",5,"50-100","Water","break_endpoint",614,6.14,9.57
"kotl","water_core",5,"50-100","Water","break_sustained",1628,16.28,25.39
"kotl","water_core",5,"50-100","Water","stable_flicker",2503,25.03,39.03
"kotl","water_core",5,"50-100","Water","unsettled",1668,16.68,26.01
"kotl","water_core",6,"100-200","Bare Ground","break_endpoint",808,8.08,42.15
"kotl","water_core",6,"100-200","Bare Ground","break_sustained",168,1.68,8.76
"kotl","water_core",6,"100-200","Bare Ground","stable",406,4.06,21.18
"kotl","water_core",6,"100-200","Bare Ground","stable_flicker",6,0.06,0.31
"kotl","water_core",6,"100-200","Bare Ground","unsettled",529,5.29,27.6
"kotl","water_core",6,"100-200","Built Area","break_endpoint",327,3.27,1.69
"kotl","water_core",6,"100-200","Built Area","break_sustained",234,2.34,1.21
"kotl","water_core",6,"100-200","Built Area","stable",16950,169.5,87.84
"kotl","water_core",6,"100-200","Built Area","stable_flicker",1454,14.54,7.54
"kotl","water_core",6,"100-200","Built Area","unsettled",331,3.31,1.72
"kotl","water_core",6,"100-200","Crops","break_endpoint",1953,19.53,3.51
"kotl","water_core",6,"100-200","Crops","break_sustained",1069,10.69,1.92
"kotl","water_core",6,"100-200","Crops","stable",41851,418.51,75.2
"kotl","water_core",6,"100-200","Crops","stable_flicker",8029,80.29,14.43
"kotl","water_core",6,"100-200","Crops","unsettled",2750,27.5,4.94
"kotl","water_core",6,"100-200","Flooded Vegetation","break_endpoint",2866,28.66,14.74
"kotl","water_core",6,"100-200","Flooded Vegetation","break_sustained",3815,38.15,19.62
"kotl","water_core",6,"100-200","Flooded Vegetation","stable",4013,40.13,20.64
"kotl","water_core",6,"100-200","Flooded Vegetation","stable_flicker",4101,41.01,21.1
"kotl","water_core",6,"100-200","Flooded Vegetation","unsettled",4645,46.45,23.89
"kotl","water_core",6,"100-200","Rangeland","break_endpoint",3887,38.87,6.68
"kotl","water_core",6,"100-200","Rangeland","break_sustained",2733,27.33,4.69
"kotl","water_core",6,"100-200","Rangeland","stable",35816,358.16,61.52
"kotl","water_core",6,"100-200","Rangeland","stable_flicker",9608,96.08,16.5
"kotl","water_core",6,"100-200","Rangeland","unsettled",6174,61.74,10.6
"kotl","water_core",6,"100-200","Snow/Ice","stable",3,0.03,100
"kotl","water_core",6,"100-200","Trees","break_endpoint",3066,30.66,3.73
"kotl","water_core",6,"100-200","Trees","break_sustained",1748,17.48,2.13
"kotl","water_core",6,"100-200","Trees","stable",65953,659.53,80.22
"kotl","water_core",6,"100-200","Trees","stable_flicker",7760,77.6,9.44
"kotl","water_core",6,"100-200","Trees","unsettled",3690,36.9,4.49
"kotl","water_core",6,"100-200","Water","break_endpoint",1073,10.73,14.56
"kotl","water_core",6,"100-200","Water","break_sustained",2273,22.73,30.83
"kotl","water_core",6,"100-200","Water","stable_flicker",1657,16.57,22.48
"kotl","water_core",6,"100-200","Water","unsettled",2369,23.69,32.14
"kotl","water_core",7,"200-500","Bare Ground","break_endpoint",1163,11.63,59.89
"kotl","water_core",7,"200-500","Bare Ground","break_sustained",111,1.11,5.72
"kotl","water_core",7,"200-500","Bare Ground","stable",227,2.27,11.69
"kotl","water_core",7,"200-500","Bare Ground","unsettled",441,4.41,22.71
"kotl","water_core",7,"200-500","Built Area","break_endpoint",522,5.22,1.71
"kotl","water_core",7,"200-500","Built Area","break_sustained",361,3.61,1.18
"kotl","water_core",7,"200-500","Built Area","stable",26414,264.14,86.44
"kotl","water_core",7,"200-500","Built Area","stable_flicker",2464,24.64,8.06
"kotl","water_core",7,"200-500","Built Area","unsettled",796,7.96,2.6
"kotl","water_core",7,"200-500","Crops","break_endpoint",3173,31.73,1.69
"kotl","water_core",7,"200-500","Crops","break_sustained",1693,16.93,0.9
"kotl","water_core",7,"200-500","Crops","stable",160534,1605.34,85.27
"kotl","water_core",7,"200-500","Crops","stable_flicker",17399,173.99,9.24
"kotl","water_core",7,"200-500","Crops","unsettled",5467,54.67,2.9
"kotl","water_core",7,"200-500","Flooded Vegetation","break_endpoint",7809,78.09,11.8
"kotl","water_core",7,"200-500","Flooded Vegetation","break_sustained",11788,117.88,17.81
"kotl","water_core",7,"200-500","Flooded Vegetation","stable",23956,239.56,36.2
"kotl","water_core",7,"200-500","Flooded Vegetation","stable_flicker",10367,103.67,15.66
"kotl","water_core",7,"200-500","Flooded Vegetation","unsettled",12260,122.6,18.53
"kotl","water_core",7,"200-500","Rangeland","break_endpoint",5836,58.36,6.12
"kotl","water_core",7,"200-500","Rangeland","break_sustained",3350,33.5,3.52
"kotl","water_core",7,"200-500","Rangeland","stable",60733,607.33,63.73
"kotl","water_core",7,"200-500","Rangeland","stable_flicker",17615,176.15,18.49
"kotl","water_core",7,"200-500","Rangeland","unsettled",7758,77.58,8.14
"kotl","water_core",7,"200-500","Trees","break_endpoint",4161,41.61,3.57
"kotl","water_core",7,"200-500","Trees","break_sustained",4184,41.84,3.59
"kotl","water_core",7,"200-500","Trees","stable",97593,975.93,83.83
"kotl","water_core",7,"200-500","Trees","stable_flicker",7119,71.19,6.11
"kotl","water_core",7,"200-500","Trees","unsettled",3365,33.65,2.89
"kotl","water_core",7,"200-500","Water","break_endpoint",761,7.61,16.71
"kotl","water_core",7,"200-500","Water","break_sustained",1704,17.04,37.42
"kotl","water_core",7,"200-500","Water","stable_flicker",387,3.87,8.5
"kotl","water_core",7,"200-500","Water","unsettled",1702,17.02,37.37
"kotl","water_core",8,">500","Bare Ground","break_endpoint",416,4.16,26.53
"kotl","water_core",8,">500","Bare Ground","break_sustained",121,1.21,7.72
"kotl","water_core",8,">500","Bare Ground","stable",393,3.93,25.06
"kotl","water_core",8,">500","Bare Ground","stable_flicker",44,0.44,2.81
"kotl","water_core",8,">500","Bare Ground","unsettled",594,5.94,37.88
"kotl","water_core",8,">500","Built Area","break_endpoint",1237,12.37,3.71
"kotl","water_core",8,">500","Built Area","break_sustained",504,5.04,1.51
"kotl","water_core",8,">500","Built Area","stable",27382,273.82,82.07
"kotl","water_core",8,">500","Built Area","stable_flicker",2624,26.24,7.87
"kotl","water_core",8,">500","Built Area","unsettled",1616,16.16,4.84
"kotl","water_core",8,">500","Crops","break_endpoint",4791,47.91,1.46
"kotl","water_core",8,">500","Crops","break_sustained",2115,21.15,0.64
"kotl","water_core",8,">500","Crops","stable",299063,2990.63,91.1
"kotl","water_core",8,">500","Crops","stable_flicker",15181,151.81,4.62
"kotl","water_core",8,">500","Crops","unsettled",7117,71.17,2.17
"kotl","water_core",8,">500","Flooded Vegetation","break_endpoint",5857,58.57,7.01
"kotl","water_core",8,">500","Flooded Vegetation","break_sustained",5590,55.9,6.69
"kotl","water_core",8,">500","Flooded Vegetation","stable",39040,390.4,46.72
"kotl","water_core",8,">500","Flooded Vegetation","stable_flicker",17307,173.07,20.71
"kotl","water_core",8,">500","Flooded Vegetation","unsettled",15764,157.64,18.87
"kotl","water_core",8,">500","Rangeland","break_endpoint",19154,191.54,13
"kotl","water_core",8,">500","Rangeland","break_sustained",7907,79.07,5.36
"kotl","water_core",8,">500","Rangeland","stable",80206,802.06,54.42
"kotl","water_core",8,">500","Rangeland","stable_flicker",22941,229.41,15.57
"kotl","water_core",8,">500","Rangeland","unsettled",17180,171.8,11.66
"kotl","water_core",8,">500","Trees","break_endpoint",7159,71.59,1.2
"kotl","water_core",8,">500","Trees","break_sustained",18723,187.23,3.13
"kotl","water_core",8,">500","Trees","stable",552158,5521.58,92.41
"kotl","water_core",8,">500","Trees","stable_flicker",12716,127.16,2.13
"kotl","water_core",8,">500","Trees","unsettled",6763,67.63,1.13
"kotl","water_core",8,">500","Water","break_endpoint",95,0.95,6.48
"kotl","water_core",8,">500","Water","break_sustained",173,1.73,11.8
"kotl","water_core",8,">500","Water","stable_flicker",208,2.08,14.19
"kotl","water_core",8,">500","Water","unsettled",990,9.9,67.53
