"group","reference","band","band_label","dist_min_m","dist_max_m","category_label","n_cells","area_ha","n_scanned_in_band","pct_of_scanned_in_band"
"lnth","water_core",1,"core",0,0,"stable",539130,5391.3,539130,100
"lnth","water_core",2,"0-10",0,10,"break_endpoint",10887,108.87,37261,29.22
"lnth","water_core",2,"0-10",0,10,"break_sustained",4194,41.94,37261,11.26
"lnth","water_core",2,"0-10",0,10,"stable",3106,31.06,37261,8.34
"lnth","water_core",2,"0-10",0,10,"stable_flicker",11955,119.55,37261,32.08
"lnth","water_core",2,"0-10",0,10,"unsettled",7119,71.19,37261,19.11
"lnth","water_core",3,"10-30",10,30,"break_endpoint",5403,54.03,65729,8.22
"lnth","water_core",3,"10-30",10,30,"break_sustained",4476,44.76,65729,6.81
"lnth","water_core",3,"10-30",10,30,"stable",30558,305.58,65729,46.49
"lnth","water_core",3,"10-30",10,30,"stable_flicker",18159,181.59,65729,27.63
"lnth","water_core",3,"10-30",10,30,"unsettled",7133,71.33,65729,10.85
"lnth","water_core",4,"30-50",30,50,"break_endpoint",2109,21.09,54231,3.89
"lnth","water_core",4,"30-50",30,50,"break_sustained",2293,22.93,54231,4.23
"lnth","water_core",4,"30-50",30,50,"stable",32560,325.6,54231,60.04
"lnth","water_core",4,"30-50",30,50,"stable_flicker",13015,130.15,54231,24
"lnth","water_core",4,"30-50",30,50,"unsettled",4254,42.54,54231,7.84
"lnth","water_core",5,"50-100",50,100,"break_endpoint",2653,26.53,85315,3.11
"lnth","water_core",5,"50-100",50,100,"break_sustained",2738,27.38,85315,3.21
"lnth","water_core",5,"50-100",50,100,"stable",56419,564.19,85315,66.13
"lnth","water_core",5,"50-100",50,100,"stable_flicker",17421,174.21,85315,20.42
"lnth","water_core",5,"50-100",50,100,"unsettled",6084,60.84,85315,7.13
"lnth","water_core",6,"100-200",100,200,"break_endpoint",3377,33.77,95704,3.53
"lnth","water_core",6,"100-200",100,200,"break_sustained",2157,21.57,95704,2.25
"lnth","water_core",6,"100-200",100,200,"stable",68238,682.38,95704,71.3
"lnth","water_core",6,"100-200",100,200,"stable_flicker",15355,153.55,95704,16.04
"lnth","water_core",6,"100-200",100,200,"unsettled",6577,65.77,95704,6.87
"lnth","water_core",7,"200-500",200,500,"break_endpoint",8806,88.06,173195,5.08
"lnth","water_core",7,"200-500",200,500,"break_sustained",3603,36.03,173195,2.08
"lnth","water_core",7,"200-500",200,500,"stable",122351,1223.51,173195,70.64
"lnth","water_core",7,"200-500",200,500,"stable_flicker",25577,255.77,173195,14.77
"lnth","water_core",7,"200-500",200,500,"unsettled",12858,128.58,173195,7.42
"lnth","water_core",8,">500",500,Inf,"break_endpoint",17234,172.34,549611,3.14
"lnth","water_core",8,">500",500,Inf,"break_sustained",14055,140.55,549611,2.56
"lnth","water_core",8,">500",500,Inf,"stable",427172,4271.72,549611,77.72
"lnth","water_core",8,">500",500,Inf,"stable_flicker",56192,561.92,549611,10.22
"lnth","water_core",8,">500",500,Inf,"unsettled",34958,349.58,549611,6.36
"lnth","water_2017",1,"core",0,0,"break_endpoint",12353,123.53,574303,2.15
"lnth","water_2017",1,"core",0,0,"break_sustained",7841,78.41,574303,1.37
"lnth","water_2017",1,"core",0,0,"stable",539130,5391.3,574303,93.88
"lnth","water_2017",1,"core",0,0,"stable_flicker",6968,69.68,574303,1.21
"lnth","water_2017",1,"core",0,0,"unsettled",8011,80.11,574303,1.39
"lnth","water_2017",2,"0-10",0,10,"break_endpoint",3892,38.92,36174,10.76
"lnth","water_2017",2,"0-10",0,10,"break_sustained",2362,23.62,36174,6.53
"lnth","water_2017",2,"0-10",0,10,"stable",8078,80.78,36174,22.33
"lnth","water_2017",2,"0-10",0,10,"stable_flicker",15464,154.64,36174,42.75
"lnth","water_2017",2,"0-10",0,10,"unsettled",6378,63.78,36174,17.63
"lnth","water_2017",3,"10-30",10,30,"break_endpoint",2273,22.73,63563,3.58
"lnth","water_2017",3,"10-30",10,30,"break_sustained",1750,17.5,63563,2.75
"lnth","water_2017",3,"10-30",10,30,"stable",36479,364.79,63563,57.39
"lnth","water_2017",3,"10-30",10,30,"stable_flicker",18256,182.56,63563,28.72
"lnth","water_2017",3,"10-30",10,30,"unsettled",4805,48.05,63563,7.56
"lnth","water_2017",4,"30-50",30,50,"break_endpoint",1358,13.58,51112,2.66
"lnth","water_2017",4,"30-50",30,50,"break_sustained",1254,12.54,51112,2.45
"lnth","water_2017",4,"30-50",30,50,"stable",35016,350.16,51112,68.51
"lnth","water_2017",4,"30-50",30,50,"stable_flicker",10512,105.12,51112,20.57
"lnth","water_2017",4,"30-50",30,50,"unsettled",2972,29.72,51112,5.81
"lnth","water_2017",5,"50-100",50,100,"break_endpoint",1958,19.58,77852,2.52
"lnth","water_2017",5,"50-100",50,100,"break_sustained",1885,18.85,77852,2.42
"lnth","water_2017",5,"50-100",50,100,"stable",55652,556.52,77852,71.48
"lnth","water_2017",5,"50-100",50,100,"stable_flicker",13496,134.96,77852,17.34
"lnth","water_2017",5,"50-100",50,100,"unsettled",4861,48.61,77852,6.24
"lnth","water_2017",6,"100-200",100,200,"break_endpoint",3500,35,94138,3.72
"lnth","water_2017",6,"100-200",100,200,"break_sustained",2494,24.94,94138,2.65
"lnth","water_2017",6,"100-200",100,200,"stable",67418,674.18,94138,71.62
"lnth","water_2017",6,"100-200",100,200,"stable_flicker",14590,145.9,94138,15.5
"lnth","water_2017",6,"100-200",100,200,"unsettled",6136,61.36,94138,6.52
"lnth","water_2017",7,"200-500",200,500,"break_endpoint",9322,93.22,185138,5.04
"lnth","water_2017",7,"200-500",200,500,"break_sustained",4542,45.42,185138,2.45
"lnth","water_2017",7,"200-500",200,500,"stable",130444,1304.44,185138,70.46
"lnth","water_2017",7,"200-500",200,500,"stable_flicker",26184,261.84,185138,14.14
"lnth","water_2017",7,"200-500",200,500,"unsettled",14646,146.46,185138,7.91
"lnth","water_2017",8,">500",500,Inf,"break_endpoint",15813,158.13,517896,3.05
"lnth","water_2017",8,">500",500,Inf,"break_sustained",11388,113.88,517896,2.2
"lnth","water_2017",8,">500",500,Inf,"stable",407317,4073.17,517896,78.65
"lnth","water_2017",8,">500",500,Inf,"stable_flicker",52204,522.04,517896,10.08
"lnth","water_2017",8,">500",500,Inf,"unsettled",31174,311.74,517896,6.02
"lnth","edge_nonwater",1,"core",0,0,"break_endpoint",12298,122.98,95301,12.9
"lnth","edge_nonwater",1,"core",0,0,"break_sustained",5701,57.01,95301,5.98
"lnth","edge_nonwater",1,"core",0,0,"stable",23466,234.66,95301,24.62
"lnth","edge_nonwater",1,"core",0,0,"stable_flicker",28861,288.61,95301,30.28
"lnth","edge_nonwater",1,"core",0,0,"unsettled",24975,249.75,95301,26.21
"lnth","edge_nonwater",2,"0-10",0,10,"break_endpoint",4965,49.65,61771,8.04
"lnth","edge_nonwater",2,"0-10",0,10,"break_sustained",2827,28.27,61771,4.58
"lnth","edge_nonwater",2,"0-10",0,10,"stable",25307,253.07,61771,40.97
"lnth","edge_nonwater",2,"0-10",0,10,"stable_flicker",17479,174.79,61771,28.3
"lnth","edge_nonwater",2,"0-10",0,10,"unsettled",11193,111.93,61771,18.12
"lnth","edge_nonwater",3,"10-30",10,30,"break_endpoint",6861,68.61,114343,6
"lnth","edge_nonwater",3,"10-30",10,30,"break_sustained",4101,41.01,114343,3.59
"lnth","edge_nonwater",3,"10-30",10,30,"stable",63776,637.76,114343,55.78
"lnth","edge_nonwater",3,"10-30",10,30,"stable_flicker",25755,257.55,114343,22.52
"lnth","edge_nonwater",3,"10-30",10,30,"unsettled",13850,138.5,114343,12.11
"lnth","edge_nonwater",4,"30-50",30,50,"break_endpoint",4922,49.22,106966,4.6
"lnth","edge_nonwater",4,"30-50",30,50,"break_sustained",2986,29.86,106966,2.79
"lnth","edge_nonwater",4,"30-50",30,50,"stable",73264,732.64,106966,68.49
"lnth","edge_nonwater",4,"30-50",30,50,"stable_flicker",17916,179.16,106966,16.75
"lnth","edge_nonwater",4,"30-50",30,50,"unsettled",7878,78.78,106966,7.36
"lnth","edge_nonwater",5,"50-100",50,100,"break_endpoint",7436,74.36,215096,3.46
"lnth","edge_nonwater",5,"50-100",50,100,"break_sustained",4933,49.33,215096,2.29
"lnth","edge_nonwater",5,"50-100",50,100,"stable",168485,1684.85,215096,78.33
"lnth","edge_nonwater",5,"50-100",50,100,"stable_flicker",25215,252.15,215096,11.72
"lnth","edge_nonwater",5,"50-100",50,100,"unsettled",9027,90.27,215096,4.2
"lnth","edge_nonwater",6,"100-200",100,200,"break_endpoint",7024,70.24,308143,2.28
"lnth","edge_nonwater",6,"100-200",100,200,"break_sustained",6409,64.09,308143,2.08
"lnth","edge_nonwater",6,"100-200",100,200,"stable",264681,2646.81,308143,85.9
"lnth","edge_nonwater",6,"100-200",100,200,"stable_flicker",23622,236.22,308143,7.67
"lnth","edge_nonwater",6,"100-200",100,200,"unsettled",6407,64.07,308143,2.08
"lnth","edge_nonwater",7,"200-500",200,500,"break_endpoint",4673,46.73,321305,1.45
"lnth","edge_nonwater",7,"200-500",200,500,"break_sustained",5282,52.82,321305,1.64
"lnth","edge_nonwater",7,"200-500",200,500,"stable",291141,2911.41,321305,90.61
"lnth","edge_nonwater",7,"200-500",200,500,"stable_flicker",15565,155.65,321305,4.84
"lnth","edge_nonwater",7,"200-500",200,500,"unsettled",4644,46.44,321305,1.45
"lnth","edge_nonwater",8,">500",500,Inf,"break_endpoint",2290,22.9,377251,0.61
"lnth","edge_nonwater",8,">500",500,Inf,"break_sustained",1277,12.77,377251,0.34
"lnth","edge_nonwater",8,">500",500,Inf,"stable",369414,3694.14,377251,97.92
"lnth","edge_nonwater",8,">500",500,Inf,"stable_flicker",3261,32.61,377251,0.86
"lnth","edge_nonwater",8,">500",500,Inf,"unsettled",1009,10.09,377251,0.27
