"chip","secs","cells"
1,36.6357309818268,3660
2,41.3755371570587,3660
3,39.5575051307678,3660
4,41.8905329704285,3660
5,32.8213548660278,3660
6,52.275456905365,3660
7,47.8954379558563,3660
8,92.898992061615,3660
9,41.6701691150665,3660
10,53.8903439044952,3660
11,39.2086861133575,3660
12,39.479728937149,3660
13,54.4840381145477,3660
14,92.3897070884705,3660
15,76.9595301151276,3660
16,76.5363321304321,3660
17,39.6369619369507,3660
18,46.846911907196,3660
19,64.0215938091278,3660
20,41.1457362174988,3660
21,40.6029620170593,3660
22,46.6963188648224,3660
23,38.8354349136353,3660
24,48.1532070636749,3660
25,104.130614995956,3660
26,74.1742479801178,3660
27,43.74281001091,3660
28,39.7970249652863,3660
29,28.0558130741119,3660
30,89.8523728847504,3660
31,39.949254989624,3660
32,140.90344285965,3660
33,29.463161945343,3660
34,40.6727838516235,3660
35,39.270476102829,3660
36,80.3213851451874,3660
37,40.5032680034637,3660
38,67.6864511966705,3660
39,40.3847680091858,3660
40,39.1982610225677,3660
41,25.9964740276337,3660
42,39.7723071575165,3660
43,39.2951791286469,3660
44,21.7727229595184,3660
45,40.1111578941345,3660
46,38.9243609905243,3660
47,89.7190139293671,3660
48,40.3862979412079,3660
49,63.141930103302,3660
50,39.4003620147705,3660
51,38.4212319850922,3660
52,39.5450019836426,3660
53,74.9018950462341,3660
54,70.9632270336151,3660
55,39.211667060852,3660
56,25.3026850223541,3660
57,39.4397349357605,3660
58,95.6239521503448,3660
59,39.7771890163422,3660
60,38.9563360214233,3660
61,29.0469450950623,3660
62,95.102972984314,3660
63,38.8466799259186,3660
64,24.3591551780701,3660
65,39.4318840503693,3660
66,39.0439019203186,3660
67,25.5492069721222,3660
68,38.8576078414917,3660
69,31.7570109367371,3660
70,38.4806900024414,3660
71,106.015300989151,3660
72,39.6910409927368,3660
73,41.3182570934296,3660
74,72.3575150966644,3660
75,28.7851848602295,3660
76,38.2615630626678,3660
77,39.110358953476,3660
78,40.1957859992981,3660
79,41.3105008602142,3660
80,63.1865417957306,3660
81,26.8262450695038,3660
82,40.5082311630249,3660
83,26.8884909152985,3660
84,39.8314001560211,3660
85,28.8725209236145,3660
86,76.9768869876862,3660
87,40.2793688774109,3660
88,92.1693139076233,3660
89,40.1662518978119,3660
90,40.0150110721588,3660
91,82.8547601699829,3660
92,39.4981660842896,3660
93,110.509310007095,3660
94,41.3110089302063,3660
95,39.7005550861359,3660
96,39.1111390590668,3660
97,42.0266511440277,3660
98,71.8980669975281,3660
99,39.4107091426849,3660
100,71.7192101478577,3660
