"chip","secs","cells","count_max","count_na"
1,20.7404742240906,3660,7,0
2,24.7813889980316,3660,9,0
3,24.0691511631012,3660,9,0
4,24.6106159687042,3660,8,0
5,19.6276619434357,3660,7,0
6,26.125659942627,3660,5,0
7,26.3550560474396,3660,9,0
8,58.7533140182495,3660,9,0
9,25.2467560768127,3660,8,0
10,26.88019490242,3660,5,0
11,23.7180621623993,3660,9,0
12,23.7300660610199,3660,8,0
13,24.9521441459656,3660,6,0
14,59.606479883194,3660,9,0
15,37.0566339492798,3660,9,0
16,36.0856280326843,3660,9,0
17,22.4143421649933,3660,8,0
18,23.1965670585632,3660,9,0
19,23.1127099990845,3660,8,0
20,23.9492878913879,3660,9,0
