"from_class","to_class","status","break_year","n_cells","area","pct"
"Trees","Trees","stable",NA,2239756,22397.56,54.51
"Water","Water","stable",NA,593347,5933.47,14.44
"Rangeland","Rangeland","stable",NA,424288,4242.88,10.33
"Trees","Trees","flicker",NA,142238,1422.38,3.46
"Rangeland","Rangeland","flicker",NA,132770,1327.7,3.23
"Trees","Rangeland","flicker",NA,57637,576.37,1.4
"Built Area","Built Area","stable",NA,47890,478.9,1.17
"Trees","Rangeland","break",2023,36473,364.73,0.89
"Rangeland","Trees","flicker",NA,35728,357.28,0.87
"Rangeland","Trees","break",2018,26210,262.1,0.64
"Trees","Rangeland","break",2018,20731,207.31,0.5
"Rangeland","Crops","flicker",NA,19287,192.87,0.47
"Water","Water","flicker",NA,15503,155.03,0.38
"Crops","Crops","flicker",NA,15159,151.59,0.37
"Trees","Rangeland","break",2019,13426,134.26,0.33
"Flooded Vegetation","Flooded Vegetation","stable",NA,12616,126.16,0.31
"Trees","Water","flicker",NA,11551,115.51,0.28
"Trees","Built Area","flicker",NA,10788,107.88,0.26
"Crops","Rangeland","flicker",NA,10269,102.69,0.25
"Crops","Rangeland","break",2019,10202,102.02,0.25
"Crops","Crops","stable",NA,10165,101.65,0.25
"Bare Ground","Trees","break",2018,9033,90.33,0.22
"Trees","Rangeland","break",2021,8938,89.38,0.22
"Rangeland","Trees","break",2023,8847,88.47,0.22
"Built Area","Built Area","flicker",NA,7997,79.97,0.19
"Crops","Rangeland","break",2020,7738,77.38,0.19
"Trees","Water","break",2023,7227,72.27,0.18
"Trees","Rangeland","break",2022,7186,71.86,0.17
"Water","Trees","break",2023,7100,71,0.17
"Crops","Rangeland","break",2018,6829,68.29,0.17
"Rangeland","Crops","break",2023,6331,63.31,0.15
"Bare Ground","Water","break",2018,5967,59.67,0.15
"Trees","Crops","flicker",NA,5478,54.78,0.13
"Rangeland","Trees","break",2021,4708,47.08,0.11
"Trees","Built Area","break",2018,4603,46.03,0.11
"Rangeland","Water","flicker",NA,4517,45.17,0.11
"Bare Ground","Trees","flicker",NA,4421,44.21,0.11
"Flooded Vegetation","Flooded Vegetation","flicker",NA,4414,44.14,0.11
"Bare Ground","Rangeland","flicker",NA,4355,43.55,0.11
"Trees","Water","break",2018,4080,40.8,0.1
"Water","Trees","flicker",NA,3953,39.53,0.1
"Rangeland","Trees","break",2020,3836,38.36,0.09
"Rangeland","Crops","break",2018,3653,36.53,0.09
"Rangeland","Trees","break",2022,3557,35.57,0.09
"Trees","Rangeland","break",2020,3389,33.89,0.08
"Bare Ground","Water","flicker",NA,3347,33.47,0.08
"Rangeland","Built Area","flicker",NA,3266,32.66,0.08
"Crops","Rangeland","break",2022,3180,31.8,0.08
"Rangeland","Flooded Vegetation","flicker",NA,3111,31.11,0.08
"Rangeland","Water","break",2018,2962,29.62,0.07
"Rangeland","Trees","break",2019,2457,24.57,0.06
"Flooded Vegetation","Rangeland","flicker",NA,2258,22.58,0.05
"Crops","Rangeland","break",2023,2222,22.22,0.05
"Water","Rangeland","flicker",NA,2195,21.95,0.05
"Rangeland","Crops","break",2022,2136,21.36,0.05
"Water","Trees","break",2022,2064,20.64,0.05
"Trees","Water","break",2022,1984,19.84,0.05
"Bare Ground","Built Area","break",2018,1918,19.18,0.05
"Bare Ground","Built Area","flicker",NA,1843,18.43,0.04
"Built Area","Rangeland","flicker",NA,1601,16.01,0.04
"Trees","Crops","break",2021,1596,15.96,0.04
"Rangeland","Crops","break",2019,1519,15.19,0.04
"Trees","Built Area","break",2023,1492,14.92,0.04
"Built Area","Crops","flicker",NA,1462,14.62,0.04
"Snow/Ice","Rangeland","flicker",NA,1443,14.43,0.04
"Crops","Built Area","flicker",NA,1440,14.4,0.04
"Bare Ground","Rangeland","break",2018,1435,14.35,0.03
"Rangeland","Crops","break",2021,1384,13.84,0.03
"Rangeland","Crops","break",2020,1372,13.72,0.03
"Crops","Trees","flicker",NA,1346,13.46,0.03
"Trees","Water","break",2019,1250,12.5,0.03
"Water","Rangeland","break",2023,1232,12.32,0.03
"Flooded Vegetation","Trees","flicker",NA,1230,12.3,0.03
"Trees","Crops","break",2023,1211,12.11,0.03
"Snow/Ice","Trees","flicker",NA,1193,11.93,0.03
"Rangeland","Built Area","break",2018,1151,11.51,0.03
"Bare Ground","Flooded Vegetation","flicker",NA,1031,10.31,0.03
"Trees","Crops","break",2022,991,9.91,0.02
"Trees","Water","break",2021,949,9.49,0.02
"Snow/Ice","Built Area","flicker",NA,930,9.3,0.02
"Snow/Ice","Water","flicker",NA,890,8.9,0.02
"Trees","Flooded Vegetation","flicker",NA,867,8.67,0.02
"Snow/Ice","Flooded Vegetation","flicker",NA,865,8.65,0.02
"Trees","Built Area","break",2022,787,7.87,0.02
"Bare Ground","Crops","flicker",NA,759,7.59,0.02
"Crops","Rangeland","break",2021,666,6.66,0.02
"Water","Built Area","flicker",NA,633,6.33,0.02
"Rangeland","Water","break",2023,609,6.09,0.01
"Built Area","Trees","flicker",NA,577,5.77,0.01
"Bare Ground","Bare Ground","flicker",NA,571,5.71,0.01
"Crops","Water","flicker",NA,514,5.14,0.01
"Water","Trees","break",2018,501,5.01,0.01
"Water","Built Area","break",2023,496,4.96,0.01
"Water","Bare Ground","flicker",NA,397,3.97,0.01
"Trees","Crops","break",2018,391,3.91,0.01
"Water","Trees","break",2021,372,3.72,0.01
"Trees","Water","break",2020,371,3.71,0.01
"Water","Rangeland","break",2018,364,3.64,0.01
"Trees","Built Area","break",2021,335,3.35,0.01
"Rangeland","Water","break",2019,307,3.07,0.01
"Snow/Ice","Crops","flicker",NA,305,3.05,0.01
"Rangeland","Built Area","break",2023,302,3.02,0.01
"Water","Rangeland","break",2022,301,3.01,0.01
"Built Area","Crops","break",2023,280,2.8,0.01
"Built Area","Rangeland","break",2023,276,2.76,0.01
"Water","Bare Ground","break",2023,273,2.73,0.01
"Flooded Vegetation","Rangeland","break",2018,268,2.68,0.01
"Trees","Bare Ground","flicker",NA,262,2.62,0.01
"Built Area","Trees","break",2023,247,2.47,0.01
"Snow/Ice","Rangeland","break",2018,247,2.47,0.01
"Crops","Built Area","break",2023,245,2.45,0.01
"Water","Crops","flicker",NA,244,2.44,0.01
"Rangeland","Built Area","break",2021,234,2.34,0.01
"Rangeland","Bare Ground","flicker",NA,230,2.3,0.01
"Bare Ground","Crops","break",2018,217,2.17,0.01
"Rangeland","Built Area","break",2022,214,2.14,0.01
"Crops","Built Area","break",2018,200,2,0
"Water","Flooded Vegetation","flicker",NA,194,1.94,0
"Built Area","Water","flicker",NA,193,1.93,0
"Trees","Built Area","break",2019,191,1.91,0
"Water","Built Area","break",2022,181,1.81,0
"Water","Bare Ground","break",2022,179,1.79,0
"Snow/Ice","Water","break",2018,175,1.75,0
"Water","Crops","break",2023,166,1.66,0
"Rangeland","Flooded Vegetation","break",2023,165,1.65,0
"Water","Rangeland","break",2019,157,1.57,0
"Bare Ground","Flooded Vegetation","break",2018,153,1.53,0
"Bare Ground","Bare Ground","stable",NA,148,1.48,0
"Snow/Ice","Trees","break",2018,144,1.44,0
"Rangeland","Water","break",2021,144,1.44,0
"Water","Rangeland","break",2020,139,1.39,0
"Rangeland","Built Area","break",2020,136,1.36,0
"Built Area","Rangeland","break",2019,131,1.31,0
"Water","Rangeland","break",2021,130,1.3,0
"Flooded Vegetation","Trees","break",2018,130,1.3,0
"Crops","Built Area","break",2021,130,1.3,0
"Snow/Ice","Built Area","break",2018,120,1.2,0
"Flooded Vegetation","Water","flicker",NA,119,1.19,0
"Rangeland","Flooded Vegetation","break",2018,117,1.17,0
"Trees","Built Area","break",2020,116,1.16,0
"Rangeland","Water","break",2022,116,1.16,0
"Crops","Built Area","break",2019,113,1.13,0
"Crops","Trees","break",2018,110,1.1,0
"Crops","Built Area","break",2022,108,1.08,0
"Rangeland","Flooded Vegetation","break",2019,98,0.98,0
"Water","Bare Ground","break",2018,97,0.97,0
"Built Area","Water","break",2023,93,0.93,0
"Crops","Trees","break",2023,92,0.92,0
"Built Area","Bare Ground","break",2023,86,0.86,0
"Rangeland","Built Area","break",2019,84,0.84,0
"Water","Trees","break",2020,82,0.82,0
"Flooded Vegetation","Rangeland","break",2019,82,0.82,0
"Bare Ground","Water","break",2019,78,0.78,0
"Built Area","Rangeland","break",2018,74,0.74,0
"Water","Trees","break",2019,73,0.73,0
"Water","Built Area","break",2018,70,0.7,0
"Clouds","Water","flicker",NA,69,0.69,0
"Clouds","Built Area","break",2018,68,0.68,0
"Trees","Flooded Vegetation","break",2019,66,0.66,0
"Built Area","Crops","break",2019,64,0.64,0
"Clouds","Trees","flicker",NA,57,0.57,0
"Built Area","Rangeland","break",2021,55,0.55,0
"Bare Ground","Rangeland","break",2020,55,0.55,0
"Crops","Trees","break",2022,54,0.54,0
"Trees","Crops","break",2019,53,0.53,0
"Crops","Water","break",2023,53,0.53,0
"Clouds","Built Area","flicker",NA,51,0.51,0
"Rangeland","Water","break",2020,50,0.5,0
"Bare Ground","Rangeland","break",2019,49,0.49,0
"Built Area","Bare Ground","flicker",NA,46,0.46,0
"Trees","Flooded Vegetation","break",2018,43,0.43,0
"Built Area","Water","break",2018,43,0.43,0
"Trees","Flooded Vegetation","break",2023,42,0.42,0
"Rangeland","Bare Ground","break",2022,42,0.42,0
"Built Area","Crops","break",2018,41,0.41,0
"Flooded Vegetation","Crops","flicker",NA,39,0.39,0
"Crops","Trees","break",2020,39,0.39,0
"Water","Built Area","break",2021,36,0.36,0
"Crops","Trees","break",2021,36,0.36,0
"Built Area","Water","break",2022,36,0.36,0
"Trees","Crops","break",2020,33,0.33,0
"Flooded Vegetation","Water","break",2018,33,0.33,0
"Built Area","Trees","break",2019,32,0.32,0
"Built Area","Crops","break",2022,32,0.32,0
"Bare Ground","Rangeland","break",2023,32,0.32,0
"Trees","Flooded Vegetation","break",2020,31,0.31,0
"Flooded Vegetation","Trees","break",2023,31,0.31,0
"Clouds","Water","break",2018,31,0.31,0
"Flooded Vegetation","Rangeland","break",2023,29,0.29,0
"Water","Flooded Vegetation","break",2023,28,0.28,0
"Water","Bare Ground","break",2021,28,0.28,0
"Snow/Ice","Bare Ground","flicker",NA,28,0.28,0
"Flooded Vegetation","Built Area","flicker",NA,26,0.26,0
"Crops","Built Area","break",2020,26,0.26,0
"Bare Ground","Water","break",2020,25,0.25,0
"Crops","Water","break",2019,20,0.2,0
"Bare Ground","Water","break",2023,20,0.2,0
"Built Area","Rangeland","break",2020,19,0.19,0
"Snow/Ice","Crops","break",2018,19,0.19,0
"Crops","Water","break",2018,18,0.18,0
"Built Area","Trees","break",2021,18,0.18,0
"Built Area","Trees","break",2022,18,0.18,0
"Rangeland","Bare Ground","break",2019,16,0.16,0
"Crops","Trees","break",2019,15,0.15,0
"Rangeland","Flooded Vegetation","break",2022,15,0.15,0
"Built Area","Rangeland","break",2022,13,0.13,0
"Bare Ground","Water","break",2022,13,0.13,0
"Water","Snow/Ice","flicker",NA,11,0.11,0
"Water","Crops","break",2022,10,0.1,0
"Built Area","Trees","break",2018,10,0.1,0
"Flooded Vegetation","Trees","break",2022,7,0.07,0
"Built Area","Trees","break",2020,7,0.07,0
"Trees","Bare Ground","break",2022,6,0.06,0
"Rangeland","Bare Ground","break",2020,6,0.06,0
"Rangeland","Bare Ground","break",2021,6,0.06,0
"Trees","Snow/Ice","flicker",NA,5,0.05,0
"Built Area","Water","break",2019,5,0.05,0
"Built Area","Crops","break",2020,5,0.05,0
"Clouds","Trees","break",2018,5,0.05,0
"Crops","Water","break",2021,4,0.04,0
"Built Area","Water","break",2021,4,0.04,0
"Snow/Ice","Snow/Ice","flicker",NA,4,0.04,0
"Rangeland","Flooded Vegetation","break",2021,4,0.04,0
"Water","Flooded Vegetation","break",2019,3,0.03,0
"Water","Flooded Vegetation","break",2020,3,0.03,0
"Water","Flooded Vegetation","break",2022,3,0.03,0
"Water","Crops","break",2021,3,0.03,0
"Flooded Vegetation","Snow/Ice","flicker",NA,3,0.03,0
"Built Area","Crops","break",2021,3,0.03,0
"Clouds","Bare Ground","flicker",NA,3,0.03,0
"Rangeland","Snow/Ice","flicker",NA,3,0.03,0
"Water","Crops","break",2018,2,0.02,0
"Trees","Flooded Vegetation","break",2022,2,0.02,0
"Flooded Vegetation","Rangeland","break",2022,2,0.02,0
"Bare Ground","Built Area","break",2021,2,0.02,0
"Bare Ground","Rangeland","break",2021,2,0.02,0
"Clouds","Rangeland","flicker",NA,2,0.02,0
"Rangeland","Bare Ground","break",2018,2,0.02,0
"Water","Flooded Vegetation","break",2018,1,0.01,0
"Water","Built Area","break",2019,1,0.01,0
"Flooded Vegetation","Built Area","break",2018,1,0.01,0
"Crops","Water","break",2022,1,0.01,0
"Bare Ground","Snow/Ice","flicker",NA,1,0.01,0
